stim_set,Welcome.started,Welcome.stopped,welcome_keyResp.keys,welcome_keyResp.rt,welcome_keyResp.duration,participant,phase,date,expName,psychopyVersion,OS,frameRate,Encode_instruct.started,Encode_instruct.stopped,encode_instruct_keyResp.keys,encode_instruct_keyResp.rt,encode_instruct_keyResp.duration,Oper_screen_instruct.started,Oper_screen_instruct.stopped,operscreen_instruct_keyResp.keys,operscreen_instruct_keyResp.rt,operscreen_instruct_keyResp.duration,Operations_instruct.started,Operations_instruct.stopped,operations_instruct_keyResp.keys,operations_instruct_keyResp.rt,operations_instruct_keyResp.duration,Probe_screen_instruct.started,Probe_screen_instruct.stopped,probescreen_instruct_keyResp.keys,probescreen_instruct_keyResp.rt,probescreen_instruct_keyResp.duration,Probe_instruct.started,Probe_instruct.stopped,probe_instructions_keyResp.keys,probe_instructions_keyResp.rt,probe_instructions_keyResp.duration,Practice_begin.started,Practice_begin.stopped,prac_begin_keyResp.keys,prac_begin_keyResp.rt,prac_begin_keyResp.duration,Trial_prepare.started,Trial_prepare.stopped,Encode.started,Encode.stopped,Delay_2000.started,Delay_2000.stopped,Manipulate.started,Manipulate.stopped,Delay_4000.started,Delay_4000.stopped,Probe.started,Probe.stopped,probe_keyResp.keys,probe_keyResp.rt,probe_keyResp.duration,ITI.started,ITI.stopped,prac_trials.thisRepN,prac_trials.thisTrialN,prac_trials.thisN,prac_trials.thisIndex,prac_trials.ran,encode_1_cat,encode_2_cat,operation,replace_cat,cue_position,trial_num,probe_subtype,run_num,jitter,rest_trigger,encode_1_img,encode_2_img,replace_img,probe_img,Practice_end.started,Practice_end.stopped,pracend_keyResp.keys,pracend_keyResp.rt,pracend_keyResp.duration,Main_exp_begin.started,Main_exp_begin.stopped,main_exp_begin.keys,main_exp_begin.rt,main_exp_begin.duration,trials.thisRepN,trials.thisTrialN,trials.thisN,trials.thisIndex,trials.ran,Rest.started,Rest.stopped,rest_continue.keys,Debrief.started,Debrief.stopped,debrief_keyResp.keys,debrief_keyResp.rt,debrief_keyResp.duration
6,0.0002,4.6969,space,4.6699,0.0007,4933449334,maintask,2025-09-08_11h49.19.999,remlure_online,2024.2.2,Win32,30.03003003,,,,,,,,,,,,,,,,,,,,,,,,,,,,,,,,,,,,,,,,,,,,,,,,,,,,,,,,,,,,,,,,,,,,,,,,,,,,,,,,,,,,,,,,,
,,,,,,4933449334,maintask,2025-09-08_11h49.19.999,remlure_online,2024.2.2,Win32,30.03003003,4.6973,15.821,space,10.7901,0.0004,,,,,,,,,,,,,,,,,,,,,,,,,,,,,,,,,,,,,,,,,,,,,,,,,,,,,,,,,,,,,,,,,,,,,,,,,,,,,,,,,,,,
,,,,,,4933449334,maintask,2025-09-08_11h49.19.999,remlure_online,2024.2.2,Win32,30.03003003,,,,,,15.8215,93.0207,space,77.0499,0.0007,,,,,,,,,,,,,,,,,,,,,,,,,,,,,,,,,,,,,,,,,,,,,,,,,,,,,,,,,,,,,,,,,,,,,,,,,,,,,,,
,,,,,,4933449334,maintask,2025-09-08_11h49.19.999,remlure_online,2024.2.2,Win32,30.03003003,,,,,,,,,,,93.0212,142.4545,space,49.2759,0.0007,,,,,,,,,,,,,,,,,,,,,,,,,,,,,,,,,,,,,,,,,,,,,,,,,,,,,,,,,,,,,,,,,,,,,,,,,,
,,,,,,4933449334,maintask,2025-09-08_11h49.19.999,remlure_online,2024.2.2,Win32,30.03003003,,,,,,,,,,,,,,,,142.4551,155.6541,space,13.0456,,,,,,,,,,,,,,,,,,,,,,,,,,,,,,,,,,,,,,,,,,,,,,,,,,,,,,,,,,,,,,,,,,,,,,
,,,,,,4933449334,maintask,2025-09-08_11h49.19.999,remlure_online,2024.2.2,Win32,30.03003003,,,,,,,,,,,,,,,,,,,,,155.6546,181.154,space,25.3551,0.0007,,,,,,,,,,,,,,,,,,,,,,,,,,,,,,,,,,,,,,,,,,,,,,,,,,,,,,,,,,,,,,,,
,,,,,,4933449334,maintask,2025-09-08_11h49.19.999,remlure_online,2024.2.2,Win32,30.03003003,,,,,,,,,,,,,,,,,,,,,,,,,,181.1544,184.0191,return,2.8166,,,,,,,,,,,,,,,,,,,,,,,,,,,,,,,,,,,,,,,,,,,,,,,,,,,,,,,,,,,,
,,,,,,4933449334,maintask,2025-09-08_11h49.19.999,remlure_online,2024.2.2,Win32,30.03003003,,,,,,,,,,,,,,,,,,,,,,,,,,,,,,,184.0192,189.0193,,,,,,,,,,,,,,,,,,,,,,,,,,,,,,,,,,,,,,,,,,,,,,,,,,,,,,,,,
,,,,,,4933449334,maintask,2025-09-08_11h49.19.999,remlure_online,2024.2.2,Win32,30.03003003,,,,,,,,,,,,,,,,,,,,,,,,,,,,,,,,,189.0315,191.02,191.0204,193.0202,193.0221,195.0202,195.0204,199.0199,199.0216,200.0935,f,1.0092,,200.0947,203.0933,0,0,0,2,1,places,fruits,suppress,,right,prac_3,uncued,practice,3,0,stimuli/images/places/pink_sand_beach.png,stimuli/images/fruits/muskmelon02.png,stimuli/cues/suppress_cue_image.png,stimuli/images/places/pink_sand_beach.png,,,,,,,,,,,,,,,,,,,,,,,
,,,,,,4933449334,maintask,2025-09-08_11h49.19.999,remlure_online,2024.2.2,Win32,30.03003003,,,,,,,,,,,,,,,,,,,,,,,,,,,,,,,,,203.0963,205.0863,205.0864,207.0861,207.0877,209.0862,209.0863,213.0861,213.087,215.0863,,,,215.0887,220.0863,0,1,1,5,1,places,faces,replace,fruits,right,prac_6,replacement,practice,5,0,stimuli/images/places/japanese_castle.png,stimuli/images/faces/queen_elizabeth_with_crown.png,stimuli/images/fruits/half_apple.png,stimuli/images/fruits/half_apple.png,,,,,,,,,,,,,,,,,,,,,,,
,,,,,,4933449334,maintask,2025-09-08_11h49.19.999,remlure_online,2024.2.2,Win32,30.03003003,,,,,,,,,,,,,,,,,,,,,,,,,,,,,,,,,220.0891,222.0857,222.0858,224.0864,224.0876,226.0861,226.0862,230.0857,230.0871,231.1531,f,1.0228,,231.1546,234.1528,0,2,2,0,1,faces,places,maintain,,left,prac_1,cued,practice,3,0,stimuli/images/faces/michael_phelps.png,stimuli/images/places/river_bridge.png,stimuli/cues/maintain_cue_image.png,stimuli/images/faces/michael_phelps.png,,,,,,,,,,,,,,,,,,,,,,,
,,,,,,4933449334,maintask,2025-09-08_11h49.19.999,remlure_online,2024.2.2,Win32,30.03003003,,,,,,,,,,,,,,,,,,,,,,,,,,,,,,,,,234.1549,236.1529,236.1531,238.1527,238.154,240.1526,240.1526,244.1526,244.1547,245.4193,j,1.2003,0.0003,245.42,250.4192,0,3,3,3,1,fruits,faces,suppress,,right,prac_4,lure,practice,5,0,stimuli/images/fruits/honeydew.png,stimuli/images/faces/maria_sharapova.png,stimuli/cues/suppress_cue_image.png,stimuli/images/faces/maria_sharapova.png,,,,,,,,,,,,,,,,,,,,,,,
,,,,,,4933449334,maintask,2025-09-08_11h49.19.999,remlure_online,2024.2.2,Win32,30.03003003,,,,,,,,,,,,,,,,,,,,,,,,,,,,,,,,,250.4218,252.4196,252.4197,254.4196,254.4217,256.4194,256.4195,260.4193,260.4204,261.5192,j,1.0575,,261.5199,265.5192,0,4,4,1,1,faces,fruits,maintain,,left,prac_2,novel,practice,4,0,stimuli/images/faces/sandra_bullock.png,stimuli/images/fruits/fresh_red_apple.png,stimuli/cues/maintain_cue_image.png,stimuli/images/fruits/pear04.png,,,,,,,,,,,,,,,,,,,,,,,
,,,,,,4933449334,maintask,2025-09-08_11h49.19.999,remlure_online,2024.2.2,Win32,30.03003003,,,,,,,,,,,,,,,,,,,,,,,,,,,,,,,,,265.5218,267.5289,267.529,269.5236,269.5255,271.5188,271.5188,275.5258,275.5271,277.2527,j,1.5908,0.0011,277.2543,281.2523,0,5,5,4,1,fruits,places,replace,faces,left,prac_5,novel,practice,4,0,stimuli/images/fruits/sliced_honeydew.png,stimuli/images/places/supreme_court.png,stimuli/images/faces/willie_nelson.png,stimuli/images/fruits/apple03a.png,,,,,,,,,,,,,,,,,,,,,,,
,,,,,,4933449334,maintask,2025-09-08_11h49.19.999,remlure_online,2024.2.2,Win32,30.03003003,,,,,,,,,,,,,,,,,,,,,,,,,,,,,,,,,,,,,,,,,,,,,,,,,,,,,,,,,,,,,,,,,,,281.2533,284.4865,space,3.1957,0.0204,,,,,,,,,,,,,,,,,,
,,,,,,4933449334,maintask,2025-09-08_11h49.19.999,remlure_online,2024.2.2,Win32,30.03003003,,,,,,,,,,,,,,,,,,,,,,,,,,,,,,,,,,,,,,,,,,,,,,,,,,,,,,,,,,,,,,,,,,,,,,,,284.4869,285.9857,return,1.473,,,,,,,,,,,,,,
,,,,,,4933449334,maintask,2025-09-08_11h49.19.999,remlure_online,2024.2.2,Win32,30.03003003,,,,,,,,,,,,,,,,,,,,,,,,,,,,,,,285.9858,290.9857,,,,,,,,,,,,,,,,,,,,,,,,,,,,,,,,,,,,,,,,,,,,,,,,,,,,,,,,,
,,,,,,4933449334,maintask,2025-09-08_11h49.19.999,remlure_online,2024.2.2,Win32,30.03003003,,,,,,,,,,,,,,,,,,,,,,,,,,,,,,,,,291.0169,293.0216,293.0217,295.0193,295.0203,297.0196,297.0198,301.0192,301.0204,302.1932,j,1.1087,0.0003,302.1939,305.1915,,,,,,faces,places,maintain,NA,left,1,uncued,1,3,0,stimuli/images/faces/justin_bieber.png,stimuli/images/places/covered_bridge.png,stimuli/cues/maintain_cue_image.png,stimuli/images/places/covered_bridge.png,,,,,,,,,,,0,0,0,0,1,,,,,,,,
,,,,,,4933449334,maintask,2025-09-08_11h49.19.999,remlure_online,2024.2.2,Win32,30.03003003,,,,,,,,,,,,,,,,,,,,,,,,,,,,,,,,,305.1953,307.1929,307.193,309.1917,309.1928,311.1862,311.1863,315.186,315.187,316.0949,j,0.8671,9.99999E-05,316.0962,320.0945,,,,,,faces,places,maintain,NA,right,2,uncued,1,4,0,stimuli/images/faces/abby_wambach.png,stimuli/images/places/skyway_bridge.png,stimuli/cues/maintain_cue_image.png,stimuli/images/faces/abby_wambach.png,,,,,,,,,,,0,1,1,1,1,,,,,,,,
,,,,,,4933449334,maintask,2025-09-08_11h49.19.999,remlure_online,2024.2.2,Win32,30.03003003,,,,,,,,,,,,,,,,,,,,,,,,,,,,,,,,,320.0973,322.0859,322.086,324.0856,324.0874,326.0858,326.0858,330.0865,330.0881,331.0527,f,0.9147,,331.0541,335.052,,,,,,faces,places,suppress,NA,left,3,uncued,1,4,0,stimuli/images/faces/rand_paul.png,stimuli/images/places/mount_everest.png,stimuli/cues/suppress_cue_image.png,stimuli/images/places/mount_everest.png,,,,,,,,,,,0,2,2,2,1,,,,,,,,
,,,,,,4933449334,maintask,2025-09-08_11h49.19.999,remlure_online,2024.2.2,Win32,30.03003003,,,,,,,,,,,,,,,,,,,,,,,,,,,,,,,,,335.0549,337.0524,337.0526,339.0524,339.0539,341.0523,341.0524,345.0522,345.0536,346.0522,j,0.9451,,346.0537,351.0516,,,,,,faces,places,suppress,NA,right,4,lure,1,5,0,stimuli/images/faces/zoe_saldana.png,stimuli/images/places/glass_bridge.png,stimuli/cues/suppress_cue_image.png,stimuli/images/places/glass_bridge.png,,,,,,,,,,,0,3,3,3,1,,,,,,,,
,,,,,,4933449334,maintask,2025-09-08_11h49.19.999,remlure_online,2024.2.2,Win32,30.03003003,,,,,,,,,,,,,,,,,,,,,,,,,,,,,,,,,351.053,353.0522,353.0522,355.0524,355.0541,357.0522,357.0523,361.0538,361.0553,361.9855,f,0.7982,,361.9864,364.9854,,,,,,places,faces,replace,fruits,left,5,replacement,1,3,0,stimuli/images/places/piza.png,stimuli/images/faces/angela_merkel.png,stimuli/images/fruits/green_grapes.png,stimuli/images/fruits/green_grapes.png,,,,,,,,,,,0,4,4,4,1,,,,,,,,
,,,,,,4933449334,maintask,2025-09-08_11h49.19.999,remlure_online,2024.2.2,Win32,30.03003003,,,,,,,,,,,,,,,,,,,,,,,,,,,,,,,,,364.9887,366.9857,366.9858,368.9856,368.9875,370.9938,370.9939,374.9861,374.9873,376.7189,j,1.6431,0.0002,376.7196,379.7188,,,,,,places,faces,replace,fruits,right,6,novel,1,3,0,stimuli/images/places/harvard.png,stimuli/images/faces/alex_rodriguez.png,stimuli/images/fruits/cut_cantaloupe.png,stimuli/images/places/jacques_bridge.png,,,,,,,,,,,0,5,5,5,1,,,,,,,,
,,,,,,4933449334,maintask,2025-09-08_11h49.19.999,remlure_online,2024.2.2,Win32,30.03003003,,,,,,,,,,,,,,,,,,,,,,,,,,,,,,,,,379.7223,381.719,381.719,383.7189,383.7206,385.719,385.719,389.7188,389.7203,390.5521,j,0.8053,,390.5538,394.5522,,,,,,places,faces,maintain,NA,left,7,novel,1,4,0,stimuli/images/places/aoraki.png,stimuli/images/faces/blake_shelton.png,stimuli/cues/maintain_cue_image.png,stimuli/images/faces/hillary_clinton.png,,,,,,,,,,,0,6,6,6,1,,,,,,,,
,,,,,,4933449334,maintask,2025-09-08_11h49.19.999,remlure_online,2024.2.2,Win32,30.03003003,,,,,,,,,,,,,,,,,,,,,,,,,,,,,,,,,394.5552,396.5526,396.5527,398.5523,398.5534,400.5523,400.5523,404.5585,404.5595,405.5859,j,0.9734,0.0008,405.5866,410.5862,,,,,,places,faces,maintain,NA,right,8,novel,1,5,0,stimuli/images/places/distant_mountains.png,stimuli/images/faces/joe_biden.png,stimuli/cues/maintain_cue_image.png,stimuli/images/faces/drake.png,,,,,,,,,,,0,7,7,7,1,,,,,,,,
,,,,,,4933449334,maintask,2025-09-08_11h49.19.999,remlure_online,2024.2.2,Win32,30.03003003,,,,,,,,,,,,,,,,,,,,,,,,,,,,,,,,,410.589,412.5902,412.5902,414.5932,414.5942,416.599,416.5992,420.5917,420.593,421.486,j,0.852,,421.4871,424.4943,,,,,,faces,fruits,suppress,NA,left,9,lure,1,3,0,stimuli/images/faces/george_clooney.png,stimuli/images/fruits/mixed_grapes03.png,stimuli/cues/suppress_cue_image.png,stimuli/images/faces/george_clooney.png,,,,,,,,,,,0,8,8,8,1,,,,,,,,
,,,,,,4933449334,maintask,2025-09-08_11h49.19.999,remlure_online,2024.2.2,Win32,30.03003003,,,,,,,,,,,,,,,,,,,,,,,,,,,,,,,,,424.4984,426.4924,426.4924,428.486,428.4879,430.4859,430.4861,434.4924,434.4934,435.3527,j,0.756,,435.3534,438.3583,,,,,,faces,fruits,suppress,NA,right,10,novel,1,3,0,stimuli/images/faces/mila_kunis.png,stimuli/images/fruits/cantaloupe_sliced03.png,stimuli/cues/suppress_cue_image.png,stimuli/images/faces/chris_christie.png,,,,,,,,,,,0,9,9,9,1,,,,,,,,
,,,,,,4933449334,maintask,2025-09-08_11h49.19.999,remlure_online,2024.2.2,Win32,30.03003003,,,,,,,,,,,,,,,,,,,,,,,,,,,,,,,,,438.3603,440.3568,440.3569,442.3583,442.3599,444.3526,444.3526,448.3521,448.3528,449.7865,j,1.3815,0.0006,449.7875,454.7896,,,,,,faces,fruits,replace,places,left,11,uncued,1,5,0,stimuli/images/faces/rihanna.png,stimuli/images/fruits/mixed_grapes02.png,stimuli/images/places/mount_fuji.png,stimuli/images/fruits/mixed_grapes02.png,,,,,,,,,,,0,10,10,10,1,,,,,,,,
,,,,,,4933449334,maintask,2025-09-08_11h49.19.999,remlure_online,2024.2.2,Win32,30.03003003,,,,,,,,,,,,,,,,,,,,,,,,,,,,,,,,,454.792,456.7925,456.7925,458.7926,458.7933,460.786,460.7861,464.7856,464.7869,465.795,j,0.9678,0.0004,465.7959,470.7856,,,,,,faces,fruits,replace,places,right,12,uncued,1,5,0,stimuli/images/faces/ryan_reynolds.png,stimuli/images/fruits/fresh_fuji.png,stimuli/images/places/cinderella_castle.png,stimuli/images/faces/ryan_reynolds.png,,,,,,,,,,,0,11,11,11,1,,,,,,,,
,,,,,,4933449334,maintask,2025-09-08_11h49.19.999,remlure_online,2024.2.2,Win32,30.03003003,,,,,,,,,,,,,,,,,,,,,,,,,,,,,,,,,470.7884,472.7855,472.7857,474.7854,474.7871,476.7852,476.7853,480.7855,480.7869,481.626,j,0.7434,,481.6265,486.619,,,,,,fruits,faces,maintain,NA,left,13,novel,1,5,0,stimuli/images/fruits/leaning_pears.png,stimuli/images/faces/scarlett_johansson.png,stimuli/cues/maintain_cue_image.png,stimuli/images/fruits/red_grapes04.png,,,,,,,,,,,0,12,12,12,1,,,,,,,,
,,,,,,4933449334,maintask,2025-09-08_11h49.19.999,remlure_online,2024.2.2,Win32,30.03003003,,,,,,,,,,,,,,,,,,,,,,,,,,,,,,,,,486.622,488.6253,488.6254,490.6235,490.6253,492.6255,492.6256,496.625,496.6261,497.7609,f,1.0937,0.0003,497.7616,502.7522,,,,,,fruits,faces,maintain,NA,right,14,cued,1,5,0,stimuli/images/fruits/honeydew_melon02.png,stimuli/images/faces/jj_watt.png,stimuli/cues/maintain_cue_image.png,stimuli/images/faces/jj_watt.png,,,,,,,,,,,0,13,13,13,1,,,,,,,,
,,,,,,4933449334,maintask,2025-09-08_11h49.19.999,remlure_online,2024.2.2,Win32,30.03003003,,,,,,,,,,,,,,,,,,,,,,,,,,,,,,,,,502.755,504.7519,504.752,506.7519,506.7534,508.7519,508.752,512.752,512.7531,513.9854,f,1.1672,0.0005,513.9869,517.9853,,,,,,fruits,faces,suppress,NA,left,15,uncued,1,4,0,stimuli/images/fruits/canteloupe_sliced04.png,stimuli/images/faces/penelope_cruz.png,stimuli/cues/suppress_cue_image.png,stimuli/images/faces/penelope_cruz.png,,,,,,,,,,,0,14,14,14,1,,,,,,,,
,,,,,,4933449334,maintask,2025-09-08_11h49.19.999,remlure_online,2024.2.2,Win32,30.03003003,,,,,,,,,,,,,,,,,,,,,,,,,,,,,,,,,517.9885,519.9853,519.9853,521.9851,521.9868,523.9855,523.9855,527.9852,527.9867,529.0523,f,0.9916,,529.0536,534.0521,,,,,,fruits,faces,suppress,NA,right,16,uncued,1,5,0,stimuli/images/fruits/honeydew_half.png,stimuli/images/faces/macklemore.png,stimuli/cues/suppress_cue_image.png,stimuli/images/fruits/honeydew_half.png,,,,,,,,,,,0,15,15,15,1,,,,,,,,
,,,,,,4933449334,maintask,2025-09-08_11h49.19.999,remlure_online,2024.2.2,Win32,30.03003003,,,,,,,,,,,,,,,,,,,,,,,,,,,,,,,,,534.0546,536.0518,536.0519,538.0516,538.0534,540.0519,540.052,544.0517,544.0531,545.2186,j,1.0911,,545.2201,549.2185,,,,,,places,fruits,replace,faces,left,17,lure,1,4,0,stimuli/images/places/gherkin.png,stimuli/images/fruits/gala_apple.png,stimuli/images/faces/lebron.png,stimuli/images/places/gherkin.png,,,,,,,,,,,0,16,16,16,1,,,,,,,,
,,,,,,4933449334,maintask,2025-09-08_11h49.19.999,remlure_online,2024.2.2,Win32,30.03003003,,,,,,,,,,,,,,,,,,,,,,,,,,,,,,,,,549.2217,551.2183,551.2185,553.2186,553.2201,555.2185,555.2187,559.2273,559.2282,560.8518,f,1.4944,0.0004,560.8524,564.8517,,,,,,places,fruits,replace,faces,right,18,replacement,1,4,0,stimuli/images/places/flatiron_building.png,stimuli/images/fruits/pear05.png,stimuli/images/faces/kobe_bryant.png,stimuli/images/faces/kobe_bryant.png,,,,,,,,,,,0,17,17,17,1,,,,,,,,
,,,,,,4933449334,maintask,2025-09-08_11h49.19.999,remlure_online,2024.2.2,Win32,30.03003003,,,,,,,,,,,,,,,,,,,,,,,,,,,,,,,,,564.8546,566.8519,566.852,568.8519,568.8532,570.8517,570.8517,574.8517,574.8531,576.0182,j,1.069,0.0005,576.0196,579.0183,,,,,,places,fruits,maintain,NA,left,19,novel,1,3,0,stimuli/images/places/matterhorn.png,stimuli/images/fruits/halved_watermelon02.png,stimuli/cues/maintain_cue_image.png,stimuli/images/fruits/red_grapes06.png,,,,,,,,,,,0,18,18,18,1,,,,,,,,
,,,,,,4933449334,maintask,2025-09-08_11h49.19.999,remlure_online,2024.2.2,Win32,30.03003003,,,,,,,,,,,,,,,,,,,,,,,,,,,,,,,,,579.0211,581.0187,581.0188,583.0183,583.0198,585.0184,585.0184,589.0187,589.02,589.9535,f,0.912,0.0006,589.954,592.952,,,,,,places,fruits,maintain,NA,right,20,cued,1,3,0,stimuli/images/places/alamo.png,stimuli/images/fruits/gala_apple_leaf.png,stimuli/cues/maintain_cue_image.png,stimuli/images/fruits/gala_apple_leaf.png,,,,,,,,,,,0,19,19,19,1,,,,,,,,
,,,,,,4933449334,maintask,2025-09-08_11h49.19.999,remlure_online,2024.2.2,Win32,30.03003003,,,,,,,,,,,,,,,,,,,,,,,,,,,,,,,,,592.9553,594.9589,594.9591,596.952,596.9537,598.9599,598.96,602.9576,602.9589,604.2277,j,1.1492,0.0003,604.2285,609.2268,,,,,,fruits,places,suppress,NA,left,21,novel,1,5,0,stimuli/images/fruits/pear03.png,stimuli/images/places/mediterranean_beach.png,stimuli/cues/suppress_cue_image.png,stimuli/images/fruits/apple06.png,,,,,,,,,,,0,20,20,20,1,,,,,,,,
,,,,,,4933449334,maintask,2025-09-08_11h49.19.999,remlure_online,2024.2.2,Win32,30.03003003,,,,,,,,,,,,,,,,,,,,,,,,,,,,,,,,,609.2297,611.2184,611.2184,613.2183,613.22,615.2181,615.2182,619.2185,619.2199,619.9183,f,0.6106,,619.9196,623.9184,,,,,,fruits,places,suppress,NA,right,22,uncued,1,4,0,stimuli/images/fruits/mixed_grapes05.png,stimuli/images/places/royal_albert_hall.png,stimuli/cues/suppress_cue_image.png,stimuli/images/fruits/mixed_grapes05.png,,,,,,,,,,,0,21,21,21,1,,,,,,,,
,,,,,,4933449334,maintask,2025-09-08_11h49.19.999,remlure_online,2024.2.2,Win32,30.03003003,,,,,,,,,,,,,,,,,,,,,,,,,,,,,,,,,623.9219,625.9182,625.9182,627.9184,627.9202,629.9187,629.9188,633.9182,633.9196,635.1852,j,1.2441,0.0009,635.1865,638.1849,,,,,,fruits,places,replace,faces,left,23,novel,1,3,0,stimuli/images/fruits/sliced_fuji.png,stimuli/images/places/danyang_bridge.png,stimuli/images/faces/aaron_rodgers.png,stimuli/images/fruits/black_grapes03.png,,,,,,,,,,,0,22,22,22,1,,,,,,,,
,,,,,,4933449334,maintask,2025-09-08_11h49.19.999,remlure_online,2024.2.2,Win32,30.03003003,,,,,,,,,,,,,,,,,,,,,,,,,,,,,,,683.2862,688.2854,638.1882,640.1849,640.1849,642.1848,642.1864,644.1851,644.1851,648.1848,648.1861,649.2855,j,0.8659,,649.2865,653.285,,,,,,fruits,places,replace,faces,right,24,lure,1,4,1,stimuli/images/fruits/whole_pears.png,stimuli/images/places/unique_mountains.png,stimuli/images/faces/brad_pitt.png,stimuli/images/places/unique_mountains.png,,,,,,,,,,,0,23,23,23,1,653.2889,683.2858,,,,,,
,,,,,,4933449334,maintask,2025-09-08_11h49.19.999,remlure_online,2024.2.2,Win32,30.03003003,,,,,,,,,,,,,,,,,,,,,,,,,,,,,,,,,688.2883,690.2848,690.2848,692.2848,692.2865,694.2851,694.2851,698.2852,698.2866,699.2608,j,0.8446,,699.2613,704.2519,,,,,,faces,places,suppress,NA,left,1,novel,2,5,0,stimuli/images/faces/aaron_rodgers.png,stimuli/images/places/skyway_bridge.png,stimuli/cues/suppress_cue_image.png,stimuli/images/places/swedish_bridge.png,,,,,,,,,,,0,24,24,24,1,,,,,,,,
,,,,,,4933449334,maintask,2025-09-08_11h49.19.999,remlure_online,2024.2.2,Win32,30.03003003,,,,,,,,,,,,,,,,,,,,,,,,,,,,,,,,,704.2545,706.2517,706.2518,708.2591,708.2608,710.2516,710.2516,714.2267,714.2274,715.2851,j,0.9726,0.0006,715.2859,719.2848,,,,,,faces,places,suppress,NA,right,2,lure,2,4,0,stimuli/images/faces/rand_paul.png,stimuli/images/places/matterhorn.png,stimuli/cues/suppress_cue_image.png,stimuli/images/places/matterhorn.png,,,,,,,,,,,0,25,25,25,1,,,,,,,,
,,,,,,4933449334,maintask,2025-09-08_11h49.19.999,remlure_online,2024.2.2,Win32,30.03003003,,,,,,,,,,,,,,,,,,,,,,,,,,,,,,,,,719.288,721.2847,721.2849,723.2847,723.2869,725.2848,725.2849,729.2846,729.2856,730.3512,j,0.9001,0.0004,730.3529,734.3509,,,,,,faces,places,replace,fruits,left,3,novel,2,4,0,stimuli/images/faces/macklemore.png,stimuli/images/places/piza.png,stimuli/images/fruits/leaning_pears.png,stimuli/images/places/360_bridge.png,,,,,,,,,,,0,26,26,26,1,,,,,,,,
,,,,,,4933449334,maintask,2025-09-08_11h49.19.999,remlure_online,2024.2.2,Win32,30.03003003,,,,,,,,,,,,,,,,,,,,,,,,,,,,,,,,,734.3541,736.3513,736.3514,738.3512,738.3531,740.3591,740.3591,744.3517,744.3527,745.4184,f,0.9029,,745.419,748.418,,,,,,faces,places,replace,fruits,right,4,replacement,2,3,0,stimuli/images/faces/blake_shelton.png,stimuli/images/places/royal_albert_hall.png,stimuli/images/fruits/fresh_fuji.png,stimuli/images/fruits/fresh_fuji.png,,,,,,,,,,,0,27,27,27,1,,,,,,,,
,,,,,,4933449334,maintask,2025-09-08_11h49.19.999,remlure_online,2024.2.2,Win32,30.03003003,,,,,,,,,,,,,,,,,,,,,,,,,,,,,,,,,748.4211,750.4176,750.4179,752.4182,752.4201,754.4181,754.4181,758.4179,758.4191,759.3844,f,0.9031,0.0003,759.385,763.3844,,,,,,places,faces,maintain,NA,left,5,cued,2,4,0,stimuli/images/places/flatiron_building.png,stimuli/images/faces/rihanna.png,stimuli/cues/maintain_cue_image.png,stimuli/images/places/flatiron_building.png,,,,,,,,,,,0,28,28,28,1,,,,,,,,
,,,,,,4933449334,maintask,2025-09-08_11h49.19.999,remlure_online,2024.2.2,Win32,30.03003003,,,,,,,,,,,,,,,,,,,,,,,,,,,,,,,,,763.3876,765.3852,765.3853,767.3854,767.3868,769.3857,769.3858,773.3855,773.3867,774.3188,j,0.8797,0.0094,774.3203,779.3185,,,,,,places,faces,maintain,NA,right,6,novel,2,5,0,stimuli/images/places/cinderella_castle.png,stimuli/images/faces/zoe_saldana.png,stimuli/cues/maintain_cue_image.png,stimuli/images/faces/tim_tebow.png,,,,,,,,,,,0,29,29,29,1,,,,,,,,
,,,,,,4933449334,maintask,2025-09-08_11h49.19.999,remlure_online,2024.2.2,Win32,30.03003003,,,,,,,,,,,,,,,,,,,,,,,,,,,,,,,,,779.3213,781.3188,781.3189,783.3189,783.32,785.3187,785.3187,789.3184,789.3195,790.5188,f,1.1662,,790.5197,795.5185,,,,,,places,faces,suppress,NA,left,7,uncued,2,5,0,stimuli/images/places/mediterranean_beach.png,stimuli/images/faces/brad_pitt.png,stimuli/cues/suppress_cue_image.png,stimuli/images/faces/brad_pitt.png,,,,,,,,,,,0,30,30,30,1,,,,,,,,
,,,,,,4933449334,maintask,2025-09-08_11h49.19.999,remlure_online,2024.2.2,Win32,30.03003003,,,,,,,,,,,,,,,,,,,,,,,,,,,,,,,,,795.5209,797.5181,797.5181,799.518,799.5198,801.5178,801.5178,805.5178,805.519,806.3527,f,0.5836,,806.3529,809.3512,,,,,,places,faces,suppress,NA,right,8,uncued,2,3,0,stimuli/images/places/distant_mountains.png,stimuli/images/faces/alex_rodriguez.png,stimuli/cues/suppress_cue_image.png,stimuli/images/places/distant_mountains.png,,,,,,,,,,,0,31,31,31,1,,,,,,,,
,,,,,,4933449334,maintask,2025-09-08_11h49.19.999,remlure_online,2024.2.2,Win32,30.03003003,,,,,,,,,,,,,,,,,,,,,,,,,,,,,,,,,809.3546,811.3589,811.359,813.3575,813.3585,815.3513,815.3515,819.3509,819.3519,820.5845,j,1.1131,,820.5849,824.5851,,,,,,faces,fruits,replace,places,left,9,novel,2,4,0,stimuli/images/faces/angela_merkel.png,stimuli/images/fruits/canteloupe_sliced04.png,stimuli/images/places/danyang_bridge.png,stimuli/images/fruits/red_grapes.png,,,,,,,,,,,0,32,32,32,1,,,,,,,,
,,,,,,4933449334,maintask,2025-09-08_11h49.19.999,remlure_online,2024.2.2,Win32,30.03003003,,,,,,,,,,,,,,,,,,,,,,,,,,,,,,,,,824.589,826.5849,826.5851,828.5845,828.586,830.5844,830.5845,834.5841,834.5855,835.7513,j,1.1273,,835.7517,839.7506,,,,,,faces,fruits,replace,places,right,10,uncued,2,4,0,stimuli/images/faces/mila_kunis.png,stimuli/images/fruits/gala_apple.png,stimuli/images/places/alamo.png,stimuli/images/faces/mila_kunis.png,,,,,,,,,,,0,33,33,33,1,,,,,,,,
,,,,,,4933449334,maintask,2025-09-08_11h49.19.999,remlure_online,2024.2.2,Win32,30.03003003,,,,,,,,,,,,,,,,,,,,,,,,,,,,,,,,,839.7536,841.7571,841.7571,843.7582,843.7593,845.757,845.7571,849.7505,849.7511,850.7912,j,0.9994,0.0002,850.7918,854.7847,,,,,,faces,fruits,maintain,NA,left,11,novel,2,4,0,stimuli/images/faces/lebron.png,stimuli/images/fruits/cut_cantaloupe.png,stimuli/cues/maintain_cue_image.png,stimuli/images/fruits/finger_grapes.png,,,,,,,,,,,0,34,34,34,1,,,,,,,,
,,,,,,4933449334,maintask,2025-09-08_11h49.19.999,remlure_online,2024.2.2,Win32,30.03003003,,,,,,,,,,,,,,,,,,,,,,,,,,,,,,,,,854.7874,856.7843,856.7845,858.7859,858.788,860.7844,860.7845,864.7849,864.7861,865.5845,j,0.6747,,865.5853,869.5847,,,,,,faces,fruits,maintain,NA,right,12,uncued,2,4,0,stimuli/images/faces/joe_biden.png,stimuli/images/fruits/halved_watermelon02.png,stimuli/cues/maintain_cue_image.png,stimuli/images/faces/joe_biden.png,,,,,,,,,,,0,35,35,35,1,,,,,,,,
,,,,,,4933449334,maintask,2025-09-08_11h49.19.999,remlure_online,2024.2.2,Win32,30.03003003,,,,,,,,,,,,,,,,,,,,,,,,,,,,,,,,,869.5876,871.5842,871.5843,873.5841,873.5858,875.5857,875.5859,879.5844,879.5854,880.1849,f,0.5461,,880.1865,883.1844,,,,,,fruits,faces,suppress,NA,left,13,uncued,2,3,0,stimuli/images/fruits/honeydew_melon02.png,stimuli/images/faces/scarlett_johansson.png,stimuli/cues/suppress_cue_image.png,stimuli/images/faces/scarlett_johansson.png,,,,,,,,,,,0,36,36,36,1,,,,,,,,
,,,,,,4933449334,maintask,2025-09-08_11h49.19.999,remlure_online,2024.2.2,Win32,30.03003003,,,,,,,,,,,,,,,,,,,,,,,,,,,,,,,,,883.1875,885.186,885.1861,887.1845,887.1875,889.1851,889.1851,893.1842,893.1854,893.8851,j,0.6575,,893.8867,896.8856,,,,,,fruits,faces,suppress,NA,right,14,novel,2,3,0,stimuli/images/fruits/cantaloupe_sliced03.png,stimuli/images/faces/justin_bieber.png,stimuli/cues/suppress_cue_image.png,stimuli/images/faces/wendy_davis.png,,,,,,,,,,,0,37,37,37,1,,,,,,,,
,,,,,,4933449334,maintask,2025-09-08_11h49.19.999,remlure_online,2024.2.2,Win32,30.03003003,,,,,,,,,,,,,,,,,,,,,,,,,,,,,,,,,896.889,898.8842,898.8843,900.8839,900.8855,902.8845,902.8847,906.8842,906.8853,907.6843,f,0.7488,,907.6852,912.6843,,,,,,fruits,faces,replace,places,left,15,replacement,2,5,0,stimuli/images/fruits/pear03.png,stimuli/images/faces/kobe_bryant.png,stimuli/images/places/aoraki.png,stimuli/images/places/aoraki.png,,,,,,,,,,,0,38,38,38,1,,,,,,,,
,,,,,,4933449334,maintask,2025-09-08_11h49.19.999,remlure_online,2024.2.2,Win32,30.03003003,,,,,,,,,,,,,,,,,,,,,,,,,,,,,,,,,912.6889,914.6841,914.6842,916.684,916.6853,918.6837,918.6837,922.6852,922.6857,923.6841,j,0.9624,,923.6855,926.684,,,,,,fruits,faces,replace,places,right,16,lure,2,3,0,stimuli/images/fruits/pear05.png,stimuli/images/faces/george_clooney.png,stimuli/images/places/harvard.png,stimuli/images/faces/george_clooney.png,,,,,,,,,,,0,39,39,39,1,,,,,,,,
,,,,,,4933449334,maintask,2025-09-08_11h49.19.999,remlure_online,2024.2.2,Win32,30.03003003,,,,,,,,,,,,,,,,,,,,,,,,,,,,,,,,,926.6875,928.6853,928.6854,930.6841,930.6857,932.6845,932.6848,936.684,936.6853,937.4176,f,0.6749,,937.4183,942.4189,,,,,,places,fruits,maintain,NA,left,17,cued,2,5,0,stimuli/images/places/mount_fuji.png,stimuli/images/fruits/whole_pears.png,stimuli/cues/maintain_cue_image.png,stimuli/images/places/mount_fuji.png,,,,,,,,,,,0,40,40,40,1,,,,,,,,
,,,,,,4933449334,maintask,2025-09-08_11h49.19.999,remlure_online,2024.2.2,Win32,30.03003003,,,,,,,,,,,,,,,,,,,,,,,,,,,,,,,,,942.4221,944.4174,944.4174,946.4178,946.4197,948.419,948.4191,952.4176,952.4193,953.2506,j,0.723,,953.2514,958.2518,,,,,,places,fruits,maintain,NA,right,18,novel,2,5,0,stimuli/images/places/glass_bridge.png,stimuli/images/fruits/sliced_fuji.png,stimuli/cues/maintain_cue_image.png,stimuli/images/fruits/pear02.png,,,,,,,,,,,0,41,41,41,1,,,,,,,,
,,,,,,4933449334,maintask,2025-09-08_11h49.19.999,remlure_online,2024.2.2,Win32,30.03003003,,,,,,,,,,,,,,,,,,,,,,,,,,,,,,,,,958.2552,960.2505,960.2506,962.2506,962.252,964.2517,964.2519,968.2507,968.2518,969.5507,j,1.0804,,969.5518,973.5515,,,,,,places,fruits,suppress,NA,left,19,lure,2,4,0,stimuli/images/places/unique_mountains.png,stimuli/images/fruits/green_grapes.png,stimuli/cues/suppress_cue_image.png,stimuli/images/places/unique_mountains.png,,,,,,,,,,,0,42,42,42,1,,,,,,,,
,,,,,,4933449334,maintask,2025-09-08_11h49.19.999,remlure_online,2024.2.2,Win32,30.03003003,,,,,,,,,,,,,,,,,,,,,,,,,,,,,,,,,973.5545,975.5513,975.5514,977.5503,977.5515,979.5518,979.5518,983.5504,983.5518,984.1848,f,0.5525,,984.1859,987.1899,,,,,,places,fruits,suppress,NA,right,20,uncued,2,3,0,stimuli/images/places/gherkin.png,stimuli/images/fruits/mixed_grapes03.png,stimuli/cues/suppress_cue_image.png,stimuli/images/places/gherkin.png,,,,,,,,,,,0,43,43,43,1,,,,,,,,
,,,,,,4933449334,maintask,2025-09-08_11h49.19.999,remlure_online,2024.2.2,Win32,30.03003003,,,,,,,,,,,,,,,,,,,,,,,,,,,,,,,,,987.1925,989.1904,989.1906,991.1902,991.1927,993.1843,993.1845,997.1834,997.1839,999.1833,,,,999.1842,1002.1832,,,,,,fruits,places,replace,faces,left,21,uncued,2,3,0,stimuli/images/fruits/gala_apple_leaf.png,stimuli/images/places/mount_everest.png,stimuli/images/faces/penelope_cruz.png,stimuli/images/places/mount_everest.png,,,,,,,,,,,0,44,44,44,1,,,,,,,,
,,,,,,4933449334,maintask,2025-09-08_11h49.19.999,remlure_online,2024.2.2,Win32,30.03003003,,,,,,,,,,,,,,,,,,,,,,,,,,,,,,,,,1002.1852,1004.1835,1004.1835,1006.1834,1006.1838,1008.1834,1008.1835,1012.1835,1012.1841,1013.0499,j,0.8058,,1013.0503,1016.0501,,,,,,fruits,places,replace,faces,right,22,lure,2,3,0,stimuli/images/fruits/mixed_grapes05.png,stimuli/images/places/covered_bridge.png,stimuli/images/faces/ryan_reynolds.png,stimuli/images/places/covered_bridge.png,,,,,,,,,,,0,45,45,45,1,,,,,,,,
,,,,,,4933449334,maintask,2025-09-08_11h49.19.999,remlure_online,2024.2.2,Win32,30.03003003,,,,,,,,,,,,,,,,,,,,,,,,,,,,,,,,,1016.0514,1018.05,1018.05,1020.0501,1020.0506,1022.0504,1022.0505,1026.0503,1026.051,1026.6831,j,0.586,,1026.6833,1031.685,,,,,,fruits,places,maintain,NA,left,23,uncued,2,5,0,stimuli/images/fruits/mixed_grapes02.png,stimuli/images/places/millau_bridge.png,stimuli/cues/maintain_cue_image.png,stimuli/images/places/millau_bridge.png,,,,,,,,,,,0,46,46,46,1,,,,,,,,
,,,,,,4933449334,maintask,2025-09-08_11h49.19.999,remlure_online,2024.2.2,Win32,30.03003003,,,,,,,,,,,,,,,,,,,,,,,,,,,,,,,1077.2833,1082.2836,1031.6877,1033.6833,1033.6834,1035.6831,1035.6837,1037.6838,1037.6839,1041.6831,1041.6838,1042.2832,j,0.5784,,1042.2837,1047.2833,,,,,,fruits,places,maintain,NA,right,24,novel,2,5,1,stimuli/images/fruits/honeydew_half.png,stimuli/images/places/yellow_sand_beach.png,stimuli/cues/maintain_cue_image.png,stimuli/images/places/yellow_sand_kauai.png,,,,,,,,,,,0,47,47,47,1,1047.2841,1077.2833,,,,,,
,,,,,,4933449334,maintask,2025-09-08_11h49.19.999,remlure_online,2024.2.2,Win32,30.03003003,,,,,,,,,,,,,,,,,,,,,,,,,,,,,,,,,1082.2862,1084.2838,1084.2839,1086.2831,1086.2837,1088.2844,1088.2845,1092.2842,1092.2847,1093.3171,f,0.9709,0.0005,1093.3174,1098.3173,,,,,,faces,places,replace,fruits,left,1,replacement,3,5,0,stimuli/images/faces/rand_paul.png,stimuli/images/places/cinderella_castle.png,stimuli/images/fruits/mixed_grapes03.png,stimuli/images/fruits/mixed_grapes03.png,,,,,,,,,,,0,48,48,48,1,,,,,,,,
,,,,,,4933449334,maintask,2025-09-08_11h49.19.999,remlure_online,2024.2.2,Win32,30.03003003,,,,,,,,,,,,,,,,,,,,,,,,,,,,,,,,,1098.3209,1100.3253,1100.3255,1102.3246,1102.3261,1104.3252,1104.3254,1108.3173,1108.3191,1109.1841,j,0.8089,,1109.1852,1114.1841,,,,,,faces,places,replace,fruits,right,2,lure,3,5,0,stimuli/images/faces/alex_rodriguez.png,stimuli/images/places/danyang_bridge.png,stimuli/images/fruits/canteloupe_sliced04.png,stimuli/images/places/danyang_bridge.png,,,,,,,,,,,0,49,49,49,1,,,,,,,,
,,,,,,4933449334,maintask,2025-09-08_11h49.19.999,remlure_online,2024.2.2,Win32,30.03003003,,,,,,,,,,,,,,,,,,,,,,,,,,,,,,,,,1114.1894,1116.1841,1116.1843,1118.1912,1118.1922,1120.1887,1120.1888,1124.1837,1124.1849,1124.6843,j,0.4518,,1124.6853,1128.6837,,,,,,faces,places,maintain,NA,left,3,uncued,3,4,0,stimuli/images/faces/angela_merkel.png,stimuli/images/places/piza.png,stimuli/cues/maintain_cue_image.png,stimuli/images/places/piza.png,,,,,,,,,,,0,50,50,50,1,,,,,,,,
,,,,,,4933449334,maintask,2025-09-08_11h49.19.999,remlure_online,2024.2.2,Win32,30.03003003,,,,,,,,,,,,,,,,,,,,,,,,,,,,,,,,,1128.6905,1130.6887,1130.6889,1132.6844,1132.6853,1134.6897,1134.6898,1138.6845,1138.6853,1139.4257,j,0.7014,,1139.4272,1143.424,,,,,,faces,places,maintain,NA,right,4,novel,3,4,0,stimuli/images/faces/zoe_saldana.png,stimuli/images/places/alamo.png,stimuli/cues/maintain_cue_image.png,stimuli/images/places/black_beach_iceland.png,,,,,,,,,,,0,51,51,51,1,,,,,,,,
,,,,,,4933449334,maintask,2025-09-08_11h49.19.999,remlure_online,2024.2.2,Win32,30.03003003,,,,,,,,,,,,,,,,,,,,,,,,,,,,,,,,,1143.4267,1145.4238,1145.4238,1147.4254,1147.4288,1149.4244,1149.4245,1153.4167,1153.4174,1154.2236,j,0.7657,,1154.2243,1158.2207,,,,,,places,faces,suppress,NA,left,5,uncued,3,4,0,stimuli/images/places/harvard.png,stimuli/images/faces/blake_shelton.png,stimuli/cues/suppress_cue_image.png,stimuli/images/faces/blake_shelton.png,,,,,,,,,,,0,52,52,52,1,,,,,,,,
,,,,,,4933449334,maintask,2025-09-08_11h49.19.999,remlure_online,2024.2.2,Win32,30.03003003,,,,,,,,,,,,,,,,,,,,,,,,,,,,,,,,,1158.2226,1160.2232,1160.2233,1162.2251,1162.2268,1164.2171,1164.2173,1168.2247,1168.2254,1168.7571,f,0.4995,,1168.7574,1171.7543,,,,,,places,faces,suppress,NA,right,6,uncued,3,3,0,stimuli/images/places/royal_albert_hall.png,stimuli/images/faces/rihanna.png,stimuli/cues/suppress_cue_image.png,stimuli/images/places/royal_albert_hall.png,,,,,,,,,,,0,53,53,53,1,,,,,,,,
,,,,,,4933449334,maintask,2025-09-08_11h49.19.999,remlure_online,2024.2.2,Win32,30.03003003,,,,,,,,,,,,,,,,,,,,,,,,,,,,,,,,,1171.7572,1173.75,1173.75,1175.755,1175.7556,1177.7569,1177.7569,1181.7576,1181.7585,1182.4253,j,0.6344,,1182.4256,1186.4225,,,,,,places,faces,replace,fruits,left,7,novel,3,4,0,stimuli/images/places/mediterranean_beach.png,stimuli/images/faces/lebron.png,stimuli/images/fruits/cantaloupe_sliced03.png,stimuli/images/places/mountain_range.png,,,,,,,,,,,0,54,54,54,1,,,,,,,,
,,,,,,4933449334,maintask,2025-09-08_11h49.19.999,remlure_online,2024.2.2,Win32,30.03003003,,,,,,,,,,,,,,,,,,,,,,,,,,,,,,,,,1186.4255,1188.4231,1188.4233,1190.4168,1190.4187,1192.4226,1192.4226,1196.4224,1196.4236,1197.1209,j,0.6637,,1197.1215,1201.1167,,,,,,places,faces,replace,fruits,right,8,lure,3,4,0,stimuli/images/places/skyway_bridge.png,stimuli/images/faces/justin_bieber.png,stimuli/images/fruits/sliced_fuji.png,stimuli/images/faces/justin_bieber.png,,,,,,,,,,,0,55,55,55,1,,,,,,,,
,,,,,,4933449334,maintask,2025-09-08_11h49.19.999,remlure_online,2024.2.2,Win32,30.03003003,,,,,,,,,,,,,,,,,,,,,,,,,,,,,,,,,1201.12,1203.1243,1203.1244,1205.1223,1205.1231,1207.1211,1207.1211,1211.1174,1211.1189,1212.1261,f,0.9684,0.0004,1212.1264,1216.1172,,,,,,faces,fruits,maintain,NA,left,9,cued,3,4,0,stimuli/images/faces/macklemore.png,stimuli/images/fruits/pear05.png,stimuli/cues/maintain_cue_image.png,stimuli/images/faces/macklemore.png,,,,,,,,,,,0,56,56,56,1,,,,,,,,
,,,,,,4933449334,maintask,2025-09-08_11h49.19.999,remlure_online,2024.2.2,Win32,30.03003003,,,,,,,,,,,,,,,,,,,,,,,,,,,,,,,,,1216.1206,1218.121,1218.1211,1220.1227,1220.1239,1222.1252,1222.1253,1226.117,1226.1183,1226.7581,j,0.6004,,1226.7595,1229.7499,,,,,,faces,fruits,maintain,NA,right,10,novel,3,3,0,stimuli/images/faces/aaron_rodgers.png,stimuli/images/fruits/gala_apple.png,stimuli/cues/maintain_cue_image.png,stimuli/images/faces/sarah_palin.png,,,,,,,,,,,0,57,57,57,1,,,,,,,,
,,,,,,4933449334,maintask,2025-09-08_11h49.19.999,remlure_online,2024.2.2,Win32,30.03003003,,,,,,,,,,,,,,,,,,,,,,,,,,,,,,,,,1229.7532,1231.7564,1231.7565,1233.7494,1233.7504,1235.7566,1235.7566,1239.7564,1239.7578,1240.6576,f,0.8588,0.0004,1240.6582,1245.6559,,,,,,faces,fruits,suppress,NA,left,11,uncued,3,5,0,stimuli/images/faces/brad_pitt.png,stimuli/images/fruits/halved_watermelon02.png,stimuli/cues/suppress_cue_image.png,stimuli/images/fruits/halved_watermelon02.png,,,,,,,,,,,0,58,58,58,1,,,,,,,,
,,,,,,4933449334,maintask,2025-09-08_11h49.19.999,remlure_online,2024.2.2,Win32,30.03003003,,,,,,,,,,,,,,,,,,,,,,,,,,,,,,,,,1245.6584,1247.6497,1247.6498,1249.6497,1249.6513,1251.65,1251.6501,1255.6501,1255.6515,1256.3165,j,0.6435,0.0006,1256.3177,1259.3165,,,,,,faces,fruits,suppress,NA,right,12,lure,3,3,0,stimuli/images/faces/joe_biden.png,stimuli/images/fruits/whole_pears.png,stimuli/cues/suppress_cue_image.png,stimuli/images/fruits/whole_pears.png,,,,,,,,,,,0,59,59,59,1,,,,,,,,
,,,,,,4933449334,maintask,2025-09-08_11h49.19.999,remlure_online,2024.2.2,Win32,30.03003003,,,,,,,,,,,,,,,,,,,,,,,,,,,,,,,,,1259.3196,1261.3166,1261.3166,1263.3165,1263.3181,1265.3165,1265.3165,1269.3166,1269.3184,1269.9165,j,0.5615,,1269.9168,1272.9167,,,,,,fruits,faces,replace,places,left,13,novel,3,3,0,stimuli/images/fruits/leaning_pears.png,stimuli/images/faces/scarlett_johansson.png,stimuli/images/places/distant_mountains.png,stimuli/images/faces/gerard_butler.png,,,,,,,,,,,0,60,60,60,1,,,,,,,,
,,,,,,4933449334,maintask,2025-09-08_11h49.19.999,remlure_online,2024.2.2,Win32,30.03003003,,,,,,,,,,,,,,,,,,,,,,,,,,,,,,,,,1272.9191,1274.9184,1274.9185,1276.9163,1276.9185,1278.9165,1278.9165,1282.9164,1282.9175,1284.0847,f,1.0601,,1284.0853,1287.0835,,,,,,fruits,faces,replace,places,right,14,uncued,3,3,0,stimuli/images/fruits/honeydew_melon02.png,stimuli/images/faces/penelope_cruz.png,stimuli/images/places/flatiron_building.png,stimuli/images/fruits/honeydew_melon02.png,,,,,,,,,,,0,61,61,61,1,,,,,,,,
,,,,,,4933449334,maintask,2025-09-08_11h49.19.999,remlure_online,2024.2.2,Win32,30.03003003,,,,,,,,,,,,,,,,,,,,,,,,,,,,,,,,,1287.0866,1289.0832,1289.0833,1291.0831,1291.0847,1293.0831,1293.0831,1297.0833,1297.0849,1298.1187,f,0.9036,,1298.1196,1302.1168,,,,,,fruits,faces,maintain,NA,left,15,cued,3,4,0,stimuli/images/fruits/cut_cantaloupe.png,stimuli/images/faces/kobe_bryant.png,stimuli/cues/maintain_cue_image.png,stimuli/images/fruits/cut_cantaloupe.png,,,,,,,,,,,0,62,62,62,1,,,,,,,,
,,,,,,4933449334,maintask,2025-09-08_11h49.19.999,remlure_online,2024.2.2,Win32,30.03003003,,,,,,,,,,,,,,,,,,,,,,,,,,,,,,,,,1302.1193,1304.1172,1304.1172,1306.1171,1306.1184,1308.1181,1308.1182,1312.1163,1312.1171,1312.9203,j,0.7744,,1312.9206,1315.9166,,,,,,fruits,faces,maintain,NA,right,16,uncued,3,3,0,stimuli/images/fruits/pear03.png,stimuli/images/faces/ryan_reynolds.png,stimuli/cues/maintain_cue_image.png,stimuli/images/fruits/pear03.png,,,,,,,,,,,0,63,63,63,1,,,,,,,,
,,,,,,4933449334,maintask,2025-09-08_11h49.19.999,remlure_online,2024.2.2,Win32,30.03003003,,,,,,,,,,,,,,,,,,,,,,,,,,,,,,,,,1315.919,1317.9167,1317.9168,1319.9164,1319.9172,1321.9241,1321.9242,1325.9221,1325.9228,1326.9832,f,0.9084,,1326.9847,1330.9829,,,,,,places,fruits,suppress,NA,left,17,uncued,3,4,0,stimuli/images/places/aoraki.png,stimuli/images/fruits/fresh_fuji.png,stimuli/cues/suppress_cue_image.png,stimuli/images/fruits/fresh_fuji.png,,,,,,,,,,,0,64,64,64,1,,,,,,,,
,,,,,,4933449334,maintask,2025-09-08_11h49.19.999,remlure_online,2024.2.2,Win32,30.03003003,,,,,,,,,,,,,,,,,,,,,,,,,,,,,,,,,1330.9863,1332.983,1332.9831,1334.983,1334.9842,1336.9858,1336.9858,1340.983,1340.9843,1341.8166,j,0.7719,,1341.8177,1346.8164,,,,,,places,fruits,suppress,NA,right,18,lure,3,5,0,stimuli/images/places/mount_fuji.png,stimuli/images/fruits/mixed_grapes05.png,stimuli/cues/suppress_cue_image.png,stimuli/images/fruits/mixed_grapes05.png,,,,,,,,,,,0,65,65,65,1,,,,,,,,
,,,,,,4933449334,maintask,2025-09-08_11h49.19.999,remlure_online,2024.2.2,Win32,30.03003003,,,,,,,,,,,,,,,,,,,,,,,,,,,,,,,,,1346.8193,1348.8194,1348.8195,1350.8178,1350.8184,1352.8161,1352.8162,1356.8166,1356.818,1357.2834,f,0.4326,,1357.2846,1362.2826,,,,,,places,fruits,replace,faces,left,19,replacement,3,5,0,stimuli/images/places/glass_bridge.png,stimuli/images/fruits/gala_apple_leaf.png,stimuli/images/faces/mila_kunis.png,stimuli/images/faces/mila_kunis.png,,,,,,,,,,,0,66,66,66,1,,,,,,,,
,,,,,,4933449334,maintask,2025-09-08_11h49.19.999,remlure_online,2024.2.2,Win32,30.03003003,,,,,,,,,,,,,,,,,,,,,,,,,,,,,,,,,1362.2865,1364.2875,1364.2877,1366.283,1366.2848,1368.2832,1368.2834,1372.2827,1372.2839,1373.1166,f,0.7481,,1373.1181,1378.1162,,,,,,places,fruits,replace,faces,right,20,uncued,3,5,0,stimuli/images/places/matterhorn.png,stimuli/images/fruits/honeydew_half.png,stimuli/images/faces/george_clooney.png,stimuli/images/places/matterhorn.png,,,,,,,,,,,0,67,67,67,1,,,,,,,,
,,,,,,4933449334,maintask,2025-09-08_11h49.19.999,remlure_online,2024.2.2,Win32,30.03003003,,,,,,,,,,,,,,,,,,,,,,,,,,,,,,,,,1378.1193,1380.1161,1380.1163,1382.1162,1382.1181,1384.1164,1384.1165,1388.1164,1388.1176,1389.5497,j,1.2083,0.0004,1389.5507,1392.5494,,,,,,fruits,places,maintain,NA,left,21,novel,3,3,0,stimuli/images/fruits/green_grapes.png,stimuli/images/places/unique_mountains.png,stimuli/cues/maintain_cue_image.png,stimuli/images/places/sajama.png,,,,,,,,,,,0,68,68,68,1,,,,,,,,
,,,,,,4933449334,maintask,2025-09-08_11h49.19.999,remlure_online,2024.2.2,Win32,30.03003003,,,,,,,,,,,,,,,,,,,,,,,,,,,,,,,,,1392.5524,1394.5494,1394.5496,1396.5495,1396.5506,1398.5496,1398.5496,1402.5493,1402.5505,1403.283,j,0.658,,1403.2837,1406.283,,,,,,fruits,places,maintain,NA,right,22,novel,3,3,0,stimuli/images/fruits/mixed_grapes02.png,stimuli/images/places/gherkin.png,stimuli/cues/maintain_cue_image.png,stimuli/images/fruits/black_grapes.png,,,,,,,,,,,0,69,69,69,1,,,,,,,,
,,,,,,4933449334,maintask,2025-09-08_11h49.19.999,remlure_online,2024.2.2,Win32,30.03003003,,,,,,,,,,,,,,,,,,,,,,,,,,,,,,,,,1406.2864,1408.2829,1408.2829,1410.2824,1410.2834,1412.2825,1412.2825,1416.2827,1416.2843,1417.1509,j,0.8476,,1417.1527,1422.1493,,,,,,fruits,places,suppress,NA,left,23,novel,3,5,0,stimuli/images/fruits/mixed_grapes.png,stimuli/images/places/covered_bridge.png,stimuli/cues/suppress_cue_image.png,stimuli/images/places/black_beach_surf.png,,,,,,,,,,,0,70,70,70,1,,,,,,,,
,,,,,,4933449334,maintask,2025-09-08_11h49.19.999,remlure_online,2024.2.2,Win32,30.03003003,,,,,,,,,,,,,,,,,,,,,,,,,,,,,,,1467.7826,1472.7827,1422.1526,1424.1495,1424.1497,1426.1498,1426.151,1428.1495,1428.1495,1432.1495,1432.1509,1432.7827,j,0.5808,,1432.7844,1437.7828,,,,,,fruits,places,suppress,NA,right,24,novel,3,5,1,stimuli/images/fruits/watermelon.png,stimuli/images/places/mount_everest.png,stimuli/cues/suppress_cue_image.png,stimuli/images/places/taj_mahal.png,,,,,,,,,,,0,71,71,71,1,1437.7849,1467.7824,,,,,,
,,,,,,4933449334,maintask,2025-09-08_11h49.19.999,remlure_online,2024.2.2,Win32,30.03003003,,,,,,,,,,,,,,,,,,,,,,,,,,,,,,,,,1472.7856,1474.7826,1474.7828,1476.7828,1476.7846,1478.7824,1478.7825,1482.7826,1482.785,1483.3158,j,0.4814,,1483.3169,1487.3155,,,,,,faces,places,maintain,NA,left,1,novel,4,4,0,stimuli/images/faces/aaron_rodgers.png,stimuli/images/places/matterhorn.png,stimuli/cues/maintain_cue_image.png,stimuli/images/faces/venus_williams.png,,,,,,,,,,,0,72,72,72,1,,,,,,,,
,,,,,,4933449334,maintask,2025-09-08_11h49.19.999,remlure_online,2024.2.2,Win32,30.03003003,,,,,,,,,,,,,,,,,,,,,,,,,,,,,,,,,1487.3183,1489.3159,1489.316,1491.3161,1491.3176,1493.3158,1493.3159,1497.3163,1497.3177,1498.55,f,1.2064,0.0007,1498.5515,1501.5491,,,,,,faces,places,maintain,NA,right,2,cued,4,3,0,stimuli/images/faces/ryan_reynolds.png,stimuli/images/places/royal_albert_hall.png,stimuli/cues/maintain_cue_image.png,stimuli/images/places/royal_albert_hall.png,,,,,,,,,,,0,73,73,73,1,,,,,,,,
,,,,,,4933449334,maintask,2025-09-08_11h49.19.999,remlure_online,2024.2.2,Win32,30.03003003,,,,,,,,,,,,,,,,,,,,,,,,,,,,,,,,,1501.5523,1503.5492,1503.5493,1505.5495,1505.5515,1507.5496,1507.5498,1511.5492,1511.5508,1512.3162,f,0.719,,1512.3177,1517.3159,,,,,,faces,places,suppress,NA,left,3,uncued,4,5,0,stimuli/images/faces/kobe_bryant.png,stimuli/images/places/glass_bridge.png,stimuli/cues/suppress_cue_image.png,stimuli/images/places/glass_bridge.png,,,,,,,,,,,0,74,74,74,1,,,,,,,,
,,,,,,4933449334,maintask,2025-09-08_11h49.19.999,remlure_online,2024.2.2,Win32,30.03003003,,,,,,,,,,,,,,,,,,,,,,,,,,,,,,,,,1517.3188,1519.3158,1519.3158,1521.3161,1521.3171,1523.3155,1523.3155,1527.316,1527.3171,1527.7824,j,0.4265,,1527.7828,1532.7824,,,,,,faces,places,suppress,NA,right,4,lure,4,5,0,stimuli/images/faces/alex_rodriguez.png,stimuli/images/places/skyway_bridge.png,stimuli/cues/suppress_cue_image.png,stimuli/images/places/skyway_bridge.png,,,,,,,,,,,0,75,75,75,1,,,,,,,,
,,,,,,4933449334,maintask,2025-09-08_11h49.19.999,remlure_online,2024.2.2,Win32,30.03003003,,,,,,,,,,,,,,,,,,,,,,,,,,,,,,,,,1532.7855,1534.7823,1534.7823,1536.7825,1536.7842,1538.7822,1538.7824,1542.7827,1542.7839,1543.5493,j,0.7269,0.0005,1543.5496,1548.5492,,,,,,places,faces,replace,fruits,left,5,novel,4,5,0,stimuli/images/places/mount_everest.png,stimuli/images/faces/joe_biden.png,stimuli/images/fruits/honeydew_melon02.png,stimuli/images/faces/jennifer_aniston.png,,,,,,,,,,,0,76,76,76,1,,,,,,,,
,,,,,,4933449334,maintask,2025-09-08_11h49.19.999,remlure_online,2024.2.2,Win32,30.03003003,,,,,,,,,,,,,,,,,,,,,,,,,,,,,,,,,1548.5526,1550.5537,1550.5538,1552.5496,1552.5513,1554.5563,1554.5564,1558.5493,1558.5506,1560.1262,f,1.5359,0.0003,1560.1265,1564.1203,,,,,,places,faces,replace,fruits,right,6,novel,4,4,0,stimuli/images/places/distant_mountains.png,stimuli/images/faces/zoe_saldana.png,stimuli/images/fruits/pear03.png,stimuli/images/places/mount_hood.png,,,,,,,,,,,0,77,77,77,1,,,,,,,,
,,,,,,4933449334,maintask,2025-09-08_11h49.19.999,remlure_online,2024.2.2,Win32,30.03003003,,,,,,,,,,,,,,,,,,,,,,,,,,,,,,,,,1564.1226,1566.1158,1566.1159,1568.1157,1568.1173,1570.1157,1570.1159,1574.1157,1574.1165,1574.9826,f,0.8305,,1574.985,1577.9823,,,,,,places,faces,maintain,NA,left,7,cued,4,3,0,stimuli/images/places/piza.png,stimuli/images/faces/penelope_cruz.png,stimuli/cues/maintain_cue_image.png,stimuli/images/places/piza.png,,,,,,,,,,,0,78,78,78,1,,,,,,,,
,,,,,,4933449334,maintask,2025-09-08_11h49.19.999,remlure_online,2024.2.2,Win32,30.03003003,,,,,,,,,,,,,,,,,,,,,,,,,,,,,,,,,1577.9857,1579.9822,1579.9823,1581.9822,1581.9839,1583.9823,1583.9824,1587.9823,1587.9834,1588.982,j,0.8968,0.0004,1588.983,1593.9823,,,,,,places,faces,maintain,NA,right,8,novel,4,5,0,stimuli/images/places/aoraki.png,stimuli/images/faces/blake_shelton.png,stimuli/cues/maintain_cue_image.png,stimuli/images/faces/barack_obama.png,,,,,,,,,,,0,79,79,79,1,,,,,,,,
,,,,,,4933449334,maintask,2025-09-08_11h49.19.999,remlure_online,2024.2.2,Win32,30.03003003,,,,,,,,,,,,,,,,,,,,,,,,,,,,,,,,,1593.9854,1595.9823,1595.9823,1597.9823,1597.984,1599.9825,1599.9826,1603.9819,1603.9833,1604.6493,f,0.6386,0.0034,1604.6508,1607.6491,,,,,,faces,fruits,suppress,NA,left,9,uncued,4,3,0,stimuli/images/faces/angela_merkel.png,stimuli/images/fruits/sliced_fuji.png,stimuli/cues/suppress_cue_image.png,stimuli/images/fruits/sliced_fuji.png,,,,,,,,,,,0,80,80,80,1,,,,,,,,
,,,,,,4933449334,maintask,2025-09-08_11h49.19.999,remlure_online,2024.2.2,Win32,30.03003003,,,,,,,,,,,,,,,,,,,,,,,,,,,,,,,,,1607.6528,1609.6487,1609.6489,1611.6486,1611.6504,1613.6492,1613.6492,1617.6489,1617.6502,1618.3155,f,0.613,0.001,1618.3183,1623.3152,,,,,,faces,fruits,suppress,NA,right,10,uncued,4,5,0,stimuli/images/faces/macklemore.png,stimuli/images/fruits/leaning_pears.png,stimuli/cues/suppress_cue_image.png,stimuli/images/faces/macklemore.png,,,,,,,,,,,0,81,81,81,1,,,,,,,,
,,,,,,4933449334,maintask,2025-09-08_11h49.19.999,remlure_online,2024.2.2,Win32,30.03003003,,,,,,,,,,,,,,,,,,,,,,,,,,,,,,,,,1623.3182,1625.3157,1625.3158,1627.3154,1627.3166,1629.3157,1629.3157,1633.3157,1633.317,1634.2158,j,0.8636,0.0007,1634.217,1637.2158,,,,,,faces,fruits,replace,places,left,11,uncued,4,3,0,stimuli/images/faces/brad_pitt.png,stimuli/images/fruits/mixed_grapes03.png,stimuli/images/places/covered_bridge.png,stimuli/images/fruits/mixed_grapes03.png,,,,,,,,,,,0,82,82,82,1,,,,,,,,
,,,,,,4933449334,maintask,2025-09-08_11h49.19.999,remlure_online,2024.2.2,Win32,30.03003003,,,,,,,,,,,,,,,,,,,,,,,,,,,,,,,,,1637.2187,1639.2158,1639.216,1641.2157,1641.2166,1643.2221,1643.2221,1647.22,1647.2214,1648.2494,j,0.8765,0.0006,1648.2504,1652.2488,,,,,,faces,fruits,replace,places,right,12,lure,4,4,0,stimuli/images/faces/george_clooney.png,stimuli/images/fruits/green_grapes.png,stimuli/images/places/mediterranean_beach.png,stimuli/images/fruits/green_grapes.png,,,,,,,,,,,0,83,83,83,1,,,,,,,,
,,,,,,4933449334,maintask,2025-09-08_11h49.19.999,remlure_online,2024.2.2,Win32,30.03003003,,,,,,,,,,,,,,,,,,,,,,,,,,,,,,,,,1652.252,1654.2493,1654.2493,1656.2573,1656.2589,1658.2571,1658.2571,1662.2571,1662.2585,1663.19,j,0.9004,,1663.1902,1667.1889,,,,,,fruits,faces,maintain,NA,left,13,novel,4,4,0,stimuli/images/fruits/fresh_fuji.png,stimuli/images/faces/mila_kunis.png,stimuli/cues/maintain_cue_image.png,stimuli/images/faces/christian_bale.png,,,,,,,,,,,0,84,84,84,1,,,,,,,,
,,,,,,4933449334,maintask,2025-09-08_11h49.19.999,remlure_online,2024.2.2,Win32,30.03003003,,,,,,,,,,,,,,,,,,,,,,,,,,,,,,,,,1667.1913,1669.1821,1669.1822,1671.1821,1671.1837,1673.1821,1673.1822,1677.1821,1677.1836,1678.2155,j,0.9669,,1678.2166,1681.2155,,,,,,fruits,faces,maintain,NA,right,14,uncued,4,3,0,stimuli/images/fruits/mixed_grapes05.png,stimuli/images/faces/scarlett_johansson.png,stimuli/cues/maintain_cue_image.png,stimuli/images/fruits/mixed_grapes05.png,,,,,,,,,,,0,85,85,85,1,,,,,,,,
,,,,,,4933449334,maintask,2025-09-08_11h49.19.999,remlure_online,2024.2.2,Win32,30.03003003,,,,,,,,,,,,,,,,,,,,,,,,,,,,,,,,,1681.2198,1683.2154,1683.2154,1685.2153,1685.217,1687.2156,1687.2157,1691.2172,1691.2186,1691.7821,f,0.5401,,1691.7825,1695.7825,,,,,,fruits,faces,suppress,NA,left,15,uncued,4,4,0,stimuli/images/fruits/pear05.png,stimuli/images/faces/justin_bieber.png,stimuli/cues/suppress_cue_image.png,stimuli/images/faces/justin_bieber.png,,,,,,,,,,,0,86,86,86,1,,,,,,,,
,,,,,,4933449334,maintask,2025-09-08_11h49.19.999,remlure_online,2024.2.2,Win32,30.03003003,,,,,,,,,,,,,,,,,,,,,,,,,,,,,,,,,1695.7866,1697.7821,1697.7823,1699.7821,1699.7841,1701.7829,1701.7831,1705.7826,1705.7841,1706.6157,j,0.7095,,1706.6162,1710.6153,,,,,,fruits,faces,suppress,NA,right,16,novel,4,4,0,stimuli/images/fruits/whole_pears.png,stimuli/images/faces/lebron.png,stimuli/cues/suppress_cue_image.png,stimuli/images/fruits/apple03b.png,,,,,,,,,,,0,87,87,87,1,,,,,,,,
,,,,,,4933449334,maintask,2025-09-08_11h49.19.999,remlure_online,2024.2.2,Win32,30.03003003,,,,,,,,,,,,,,,,,,,,,,,,,,,,,,,,,1710.6194,1712.6194,1712.6194,1714.622,1714.6245,1716.6158,1716.6158,1720.6167,1720.6178,1721.5489,j,0.858,,1721.55,1724.5484,,,,,,places,fruits,replace,faces,left,17,lure,4,3,0,stimuli/images/places/alamo.png,stimuli/images/fruits/cantaloupe_sliced03.png,stimuli/images/faces/rand_paul.png,stimuli/images/places/alamo.png,,,,,,,,,,,0,88,88,88,1,,,,,,,,
,,,,,,4933449334,maintask,2025-09-08_11h49.19.999,remlure_online,2024.2.2,Win32,30.03003003,,,,,,,,,,,,,,,,,,,,,,,,,,,,,,,,,1724.5516,1726.55,1726.5501,1728.5486,1728.5498,1730.5486,1730.5487,1734.5489,1734.5501,1735.5823,f,0.996,,1735.5836,1740.5827,,,,,,places,fruits,replace,faces,right,18,replacement,4,5,0,stimuli/images/places/unique_mountains.png,stimuli/images/fruits/cut_cantaloupe.png,stimuli/images/faces/rihanna.png,stimuli/images/faces/rihanna.png,,,,,,,,,,,0,89,89,89,1,,,,,,,,
,,,,,,4933449334,maintask,2025-09-08_11h49.19.999,remlure_online,2024.2.2,Win32,30.03003003,,,,,,,,,,,,,,,,,,,,,,,,,,,,,,,,,1740.586,1742.582,1742.582,1744.5821,1744.5835,1746.5833,1746.5834,1750.5819,1750.583,1751.1486,j,0.4924,,1751.1492,1756.1482,,,,,,places,fruits,maintain,NA,left,19,uncued,4,5,0,stimuli/images/places/cinderella_castle.png,stimuli/images/fruits/gala_apple.png,stimuli/cues/maintain_cue_image.png,stimuli/images/fruits/gala_apple.png,,,,,,,,,,,0,90,90,90,1,,,,,,,,
,,,,,,4933449334,maintask,2025-09-08_11h49.19.999,remlure_online,2024.2.2,Win32,30.03003003,,,,,,,,,,,,,,,,,,,,,,,,,,,,,,,,,1756.1518,1758.1487,1758.1488,1760.1497,1760.1508,1762.1487,1762.1487,1766.1501,1766.1516,1766.7822,j,0.5719,,1766.7829,1770.7818,,,,,,places,fruits,maintain,NA,right,20,novel,4,4,0,stimuli/images/places/danyang_bridge.png,stimuli/images/fruits/canteloupe_sliced04.png,stimuli/cues/maintain_cue_image.png,stimuli/images/fruits/honeycrisp_apple.png,,,,,,,,,,,0,91,91,91,1,,,,,,,,
,,,,,,4933449334,maintask,2025-09-08_11h49.19.999,remlure_online,2024.2.2,Win32,30.03003003,,,,,,,,,,,,,,,,,,,,,,,,,,,,,,,,,1770.7857,1772.7816,1772.7817,1774.7833,1774.7846,1776.7817,1776.7817,1780.7828,1780.7842,1781.4154,j,0.5626,,1781.4163,1786.4163,,,,,,fruits,places,suppress,NA,left,21,novel,4,5,0,stimuli/images/fruits/gala_apple_leaf.png,stimuli/images/places/harvard.png,stimuli/cues/suppress_cue_image.png,stimuli/images/places/long_bridge.png,,,,,,,,,,,0,92,92,92,1,,,,,,,,
,,,,,,4933449334,maintask,2025-09-08_11h49.19.999,remlure_online,2024.2.2,Win32,30.03003003,,,,,,,,,,,,,,,,,,,,,,,,,,,,,,,,,1786.4191,1788.4152,1788.4152,1790.415,1790.4167,1792.4172,1792.4173,1796.415,1796.4163,1797.1161,j,0.6179,,1797.1173,1801.1165,,,,,,fruits,places,suppress,NA,right,22,lure,4,4,0,stimuli/images/fruits/mixed_grapes02.png,stimuli/images/places/gherkin.png,stimuli/cues/suppress_cue_image.png,stimuli/images/places/gherkin.png,,,,,,,,,,,0,93,93,93,1,,,,,,,,
,,,,,,4933449334,maintask,2025-09-08_11h49.19.999,remlure_online,2024.2.2,Win32,30.03003003,,,,,,,,,,,,,,,,,,,,,,,,,,,,,,,,,1801.119,1803.1157,1803.1157,1805.1158,1805.117,1807.1167,1807.1167,1811.1157,1811.1171,1812.049,j,0.8821,,1812.0493,1815.0496,,,,,,fruits,places,replace,faces,left,23,uncued,4,3,0,stimuli/images/fruits/halved_watermelon02.png,stimuli/images/places/mount_fuji.png,stimuli/images/faces/jj_watt.png,stimuli/images/places/mount_fuji.png,,,,,,,,,,,0,94,94,94,1,,,,,,,,
,,,,,,4933449334,maintask,2025-09-08_11h49.19.999,remlure_online,2024.2.2,Win32,30.03003003,,,,,,,,,,,,,,,,,,,,,,,,,,,,,,,1858.8152,1863.8151,1815.0519,1817.0484,1817.0485,1819.0497,1819.051,1821.0485,1821.0486,1825.0495,1825.0508,1825.8155,f,0.7419,,1825.8168,1828.8146,,,,,,fruits,places,replace,faces,right,24,replacement,4,3,1,stimuli/images/fruits/honeydew_half.png,stimuli/images/places/flatiron_building.png,stimuli/images/faces/abby_wambach.png,stimuli/images/faces/abby_wambach.png,,,,,,,,,,,0,95,95,95,1,1828.8172,1858.8152,,,,,,
,,,,,,4933449334,maintask,2025-09-08_11h49.19.999,remlure_online,2024.2.2,Win32,30.03003003,,,,,,,,,,,,,,,,,,,,,,,,,,,,,,,,,1863.8188,1865.815,1865.8151,1867.8154,1867.8169,1869.8146,1869.8147,1873.8163,1873.8168,1874.348,j,0.4767,,1874.3497,1878.3482,,,,,,faces,places,suppress,NA,left,1,lure,5,4,0,stimuli/images/faces/zoe_saldana.png,stimuli/images/places/cinderella_castle.png,stimuli/cues/suppress_cue_image.png,stimuli/images/faces/zoe_saldana.png,,,,,,,,,,,0,96,96,96,1,,,,,,,,
,,,,,,4933449334,maintask,2025-09-08_11h49.19.999,remlure_online,2024.2.2,Win32,30.03003003,,,,,,,,,,,,,,,,,,,,,,,,,,,,,,,,,1878.3519,1880.349,1880.349,1882.3482,1882.3504,1884.3481,1884.3482,1888.3487,1888.3493,1889.0151,j,0.5525,,1889.0165,1893.0161,,,,,,faces,places,suppress,NA,right,2,novel,5,4,0,stimuli/images/faces/aaron_rodgers.png,stimuli/images/places/flatiron_building.png,stimuli/cues/suppress_cue_image.png,stimuli/images/faces/george_bush.png,,,,,,,,,,,0,97,97,97,1,,,,,,,,
,,,,,,4933449334,maintask,2025-09-08_11h49.19.999,remlure_online,2024.2.2,Win32,30.03003003,,,,,,,,,,,,,,,,,,,,,,,,,,,,,,,,,1893.0192,1895.0147,1895.0147,1897.0146,1897.0162,1899.0174,1899.0176,1903.0149,1903.0162,1904.3479,f,1.305,,1904.3494,1909.348,,,,,,faces,places,replace,fruits,left,3,replacement,5,5,0,stimuli/images/faces/lebron.png,stimuli/images/places/mediterranean_beach.png,stimuli/images/fruits/pear05.png,stimuli/images/fruits/pear05.png,,,,,,,,,,,0,98,98,98,1,,,,,,,,
,,,,,,4933449334,maintask,2025-09-08_11h49.19.999,remlure_online,2024.2.2,Win32,30.03003003,,,,,,,,,,,,,,,,,,,,,,,,,,,,,,,,,1909.3519,1911.3481,1911.3481,1913.3483,1913.3502,1915.3484,1915.3484,1919.348,1919.3495,1920.0816,f,0.6845,,1920.0827,1923.0811,,,,,,faces,places,replace,fruits,right,4,replacement,5,3,0,stimuli/images/faces/rand_paul.png,stimuli/images/places/harvard.png,stimuli/images/fruits/halved_watermelon02.png,stimuli/images/fruits/halved_watermelon02.png,,,,,,,,,,,0,99,99,99,1,,,,,,,,
,,,,,,4933449334,maintask,2025-09-08_11h49.19.999,remlure_online,2024.2.2,Win32,30.03003003,,,,,,,,,,,,,,,,,,,,,,,,,,,,,,,,,1923.0839,1925.0811,1925.0811,1927.0813,1927.0831,1929.0815,1929.0815,1933.0809,1933.0819,1933.8216,j,0.68,,1933.822,1938.8152,,,,,,places,faces,maintain,NA,left,5,novel,5,5,0,stimuli/images/places/distant_mountains.png,stimuli/images/faces/angela_merkel.png,stimuli/cues/maintain_cue_image.png,stimuli/images/faces/john_kerry.png,,,,,,,,,,,0,100,100,100,1,,,,,,,,
,,,,,,4933449334,maintask,2025-09-08_11h49.19.999,remlure_online,2024.2.2,Win32,30.03003003,,,,,,,,,,,,,,,,,,,,,,,,,,,,,,,,,1938.8174,1940.8147,1940.8147,1942.8151,1942.8169,1944.8219,1944.8219,1948.8202,1948.821,1949.7235,j,0.8664,,1949.724,1952.7223,,,,,,places,faces,maintain,NA,right,6,uncued,5,3,0,stimuli/images/places/skyway_bridge.png,stimuli/images/faces/alex_rodriguez.png,stimuli/cues/maintain_cue_image.png,stimuli/images/places/skyway_bridge.png,,,,,,,,,,,0,101,101,101,1,,,,,,,,
,,,,,,4933449334,maintask,2025-09-08_11h49.19.999,remlure_online,2024.2.2,Win32,30.03003003,,,,,,,,,,,,,,,,,,,,,,,,,,,,,,,,,1952.725,1954.7211,1954.7213,1956.7206,1956.7215,1958.7205,1958.7207,1962.7208,1962.7217,1963.49,j,0.7341,0.0003,1963.4905,1968.4886,,,,,,places,faces,suppress,NA,left,7,novel,5,5,0,stimuli/images/places/alamo.png,stimuli/images/faces/kobe_bryant.png,stimuli/cues/suppress_cue_image.png,stimuli/images/faces/jason_statham.png,,,,,,,,,,,0,102,102,102,1,,,,,,,,
,,,,,,4933449334,maintask,2025-09-08_11h49.19.999,remlure_online,2024.2.2,Win32,30.03003003,,,,,,,,,,,,,,,,,,,,,,,,,,,,,,,,,1968.4922,1970.4813,1970.4813,1972.4815,1972.4827,1974.4813,1974.4815,1978.4808,1978.4819,1979.0148,f,0.4755,,1979.0155,1983.0148,,,,,,places,faces,suppress,NA,right,8,uncued,5,4,0,stimuli/images/places/danyang_bridge.png,stimuli/images/faces/scarlett_johansson.png,stimuli/cues/suppress_cue_image.png,stimuli/images/places/danyang_bridge.png,,,,,,,,,,,0,103,103,103,1,,,,,,,,
,,,,,,4933449334,maintask,2025-09-08_11h49.19.999,remlure_online,2024.2.2,Win32,30.03003003,,,,,,,,,,,,,,,,,,,,,,,,,,,,,,,,,1983.0186,1985.0143,1985.0144,1987.0148,1987.0164,1989.0146,1989.0147,1993.0145,1993.0157,1994.0817,j,1.0251,0.0002,1994.0823,1999.0812,,,,,,faces,fruits,replace,places,left,9,lure,5,5,0,stimuli/images/faces/blake_shelton.png,stimuli/images/fruits/leaning_pears.png,stimuli/images/places/unique_mountains.png,stimuli/images/faces/blake_shelton.png,,,,,,,,,,,0,104,104,104,1,,,,,,,,
,,,,,,4933449334,maintask,2025-09-08_11h49.19.999,remlure_online,2024.2.2,Win32,30.03003003,,,,,,,,,,,,,,,,,,,,,,,,,,,,,,,,,1999.0845,2001.0811,2001.0811,2003.0811,2003.083,2005.0814,2005.0814,2009.0857,2009.0868,2009.6886,f,0.5652,,2009.6891,2014.681,,,,,,faces,fruits,replace,places,right,10,uncued,5,5,0,stimuli/images/faces/rihanna.png,stimuli/images/fruits/canteloupe_sliced04.png,stimuli/images/places/glass_bridge.png,stimuli/images/faces/rihanna.png,,,,,,,,,,,0,105,105,105,1,,,,,,,,
,,,,,,4933449334,maintask,2025-09-08_11h49.19.999,remlure_online,2024.2.2,Win32,30.03003003,,,,,,,,,,,,,,,,,,,,,,,,,,,,,,,,,2014.685,2016.6873,2016.6873,2018.6893,2018.6899,2020.6815,2020.6815,2024.6892,2024.6901,2025.4204,j,0.6984,,2025.421,2030.4145,,,,,,faces,fruits,maintain,NA,left,11,novel,5,5,0,stimuli/images/faces/brad_pitt.png,stimuli/images/fruits/cantaloupe_sliced03.png,stimuli/cues/maintain_cue_image.png,stimuli/images/faces/morgan_freeman.png,,,,,,,,,,,0,106,106,106,1,,,,,,,,
,,,,,,4933449334,maintask,2025-09-08_11h49.19.999,remlure_online,2024.2.2,Win32,30.03003003,,,,,,,,,,,,,,,,,,,,,,,,,,,,,,,,,2030.4166,2032.4187,2032.4188,2034.4145,2034.416,2036.4228,2036.4228,2040.4148,2040.4155,2041.0543,j,0.5995,0.0002,2041.0548,2044.0536,,,,,,faces,fruits,maintain,NA,right,12,uncued,5,3,0,stimuli/images/faces/george_clooney.png,stimuli/images/fruits/pear03.png,stimuli/cues/maintain_cue_image.png,stimuli/images/faces/george_clooney.png,,,,,,,,,,,0,107,107,107,1,,,,,,,,
,,,,,,4933449334,maintask,2025-09-08_11h49.19.999,remlure_online,2024.2.2,Win32,30.03003003,,,,,,,,,,,,,,,,,,,,,,,,,,,,,,,,,2044.0561,2046.0477,2046.0478,2048.0477,2048.0492,2050.0479,2050.048,2054.0478,2054.0489,2054.9145,f,0.8455,,2054.9161,2059.9141,,,,,,fruits,faces,suppress,NA,left,13,uncued,5,5,0,stimuli/images/fruits/honeydew_half.png,stimuli/images/faces/ryan_reynolds.png,stimuli/cues/suppress_cue_image.png,stimuli/images/faces/ryan_reynolds.png,,,,,,,,,,,0,108,108,108,1,,,,,,,,
,,,,,,4933449334,maintask,2025-09-08_11h49.19.999,remlure_online,2024.2.2,Win32,30.03003003,,,,,,,,,,,,,,,,,,,,,,,,,,,,,,,,,2059.9173,2061.9211,2061.9212,2063.922,2063.9227,2065.9209,2065.9209,2069.9147,2069.9156,2070.6149,f,0.5604,,2070.6159,2073.6202,,,,,,fruits,faces,suppress,NA,right,14,uncued,5,3,0,stimuli/images/fruits/honeydew_melon02.png,stimuli/images/faces/joe_biden.png,stimuli/cues/suppress_cue_image.png,stimuli/images/fruits/honeydew_melon02.png,,,,,,,,,,,0,109,109,109,1,,,,,,,,
,,,,,,4933449334,maintask,2025-09-08_11h49.19.999,remlure_online,2024.2.2,Win32,30.03003003,,,,,,,,,,,,,,,,,,,,,,,,,,,,,,,,,2073.6227,2075.6222,2075.6223,2077.6148,2077.6165,2079.6142,2079.6144,2083.6149,2083.6163,2084.2147,j,0.5279,,2084.216,2088.2144,,,,,,fruits,faces,replace,places,left,15,novel,5,4,0,stimuli/images/fruits/whole_pears.png,stimuli/images/faces/penelope_cruz.png,stimuli/images/places/matterhorn.png,stimuli/images/fruits/kiku_slice.png,,,,,,,,,,,0,110,110,110,1,,,,,,,,
,,,,,,4933449334,maintask,2025-09-08_11h49.19.999,remlure_online,2024.2.2,Win32,30.03003003,,,,,,,,,,,,,,,,,,,,,,,,,,,,,,,,,2088.2176,2090.2143,2090.2144,2092.2145,2092.2161,2094.2143,2094.2143,2098.2142,2098.2157,2099.3815,j,1.134,0.0006,2099.3823,2103.3806,,,,,,fruits,faces,replace,places,right,16,novel,5,4,0,stimuli/images/fruits/sliced_fuji.png,stimuli/images/faces/mila_kunis.png,stimuli/images/places/piza.png,stimuli/images/fruits/mixed_grapes04.png,,,,,,,,,,,0,111,111,111,1,,,,,,,,
,,,,,,4933449334,maintask,2025-09-08_11h49.19.999,remlure_online,2024.2.2,Win32,30.03003003,,,,,,,,,,,,,,,,,,,,,,,,,,,,,,,,,2103.3837,2105.3807,2105.3808,2107.3808,2107.3826,2109.3806,2109.3806,2113.381,2113.3822,2114.3474,f,0.9269,0.0069,2114.3489,2119.3476,,,,,,places,fruits,maintain,NA,left,17,cued,5,5,0,stimuli/images/places/mount_everest.png,stimuli/images/fruits/gala_apple_leaf.png,stimuli/cues/maintain_cue_image.png,stimuli/images/places/mount_everest.png,,,,,,,,,,,0,112,112,112,1,,,,,,,,
,,,,,,4933449334,maintask,2025-09-08_11h49.19.999,remlure_online,2024.2.2,Win32,30.03003003,,,,,,,,,,,,,,,,,,,,,,,,,,,,,,,,,2119.3507,2121.3473,2121.3474,2123.3472,2123.3487,2125.3476,2125.3477,2129.3475,2129.3484,2130.0818,f,0.7171,,2130.0832,2133.0806,,,,,,places,fruits,maintain,NA,right,18,cued,5,3,0,stimuli/images/places/royal_albert_hall.png,stimuli/images/fruits/mixed_grapes03.png,stimuli/cues/maintain_cue_image.png,stimuli/images/fruits/mixed_grapes03.png,,,,,,,,,,,0,113,113,113,1,,,,,,,,
,,,,,,4933449334,maintask,2025-09-08_11h49.19.999,remlure_online,2024.2.2,Win32,30.03003003,,,,,,,,,,,,,,,,,,,,,,,,,,,,,,,,,2133.0844,2135.0805,2135.0806,2137.0805,2137.0822,2139.0804,2139.0804,2143.0805,2143.082,2143.6143,f,0.4674,,2143.615,2147.6134,,,,,,places,fruits,suppress,NA,left,19,uncued,5,4,0,stimuli/images/places/covered_bridge.png,stimuli/images/fruits/gala_apple.png,stimuli/cues/suppress_cue_image.png,stimuli/images/fruits/gala_apple.png,,,,,,,,,,,0,114,114,114,1,,,,,,,,
,,,,,,4933449334,maintask,2025-09-08_11h49.19.999,remlure_online,2024.2.2,Win32,30.03003003,,,,,,,,,,,,,,,,,,,,,,,,,,,,,,,,,2147.6144,2149.6139,2149.6139,2151.614,2151.6157,2153.6142,2153.6143,2157.6141,2157.6156,2158.6807,j,1.0353,0.0003,2158.6821,2162.6809,,,,,,places,fruits,suppress,NA,right,20,lure,5,4,0,stimuli/images/places/aoraki.png,stimuli/images/fruits/mixed_grapes02.png,stimuli/cues/suppress_cue_image.png,stimuli/images/fruits/mixed_grapes02.png,,,,,,,,,,,0,115,115,115,1,,,,,,,,
,,,,,,4933449334,maintask,2025-09-08_11h49.19.999,remlure_online,2024.2.2,Win32,30.03003003,,,,,,,,,,,,,,,,,,,,,,,,,,,,,,,,,2162.6841,2164.6805,2164.6805,2166.6808,2166.6818,2168.6804,2168.6804,2172.6803,2172.6813,2173.4806,j,0.7108,0.0189,2173.4819,2176.4805,,,,,,fruits,places,replace,faces,left,21,lure,5,3,0,stimuli/images/fruits/mixed_grapes05.png,stimuli/images/places/gherkin.png,stimuli/images/faces/macklemore.png,stimuli/images/fruits/mixed_grapes05.png,,,,,,,,,,,0,116,116,116,1,,,,,,,,
,,,,,,4933449334,maintask,2025-09-08_11h49.19.999,remlure_online,2024.2.2,Win32,30.03003003,,,,,,,,,,,,,,,,,,,,,,,,,,,,,,,,,2176.4834,2178.4807,2178.481,2180.4805,2180.4818,2182.4804,2182.4805,2186.4804,2186.4817,2187.6569,f,1.0505,0.0005,2187.6571,2190.6476,,,,,,fruits,places,replace,faces,right,22,uncued,5,3,0,stimuli/images/fruits/cut_cantaloupe.png,stimuli/images/places/mount_fuji.png,stimuli/images/faces/justin_bieber.png,stimuli/images/fruits/cut_cantaloupe.png,,,,,,,,,,,0,117,117,117,1,,,,,,,,
,,,,,,4933449334,maintask,2025-09-08_11h49.19.999,remlure_online,2024.2.2,Win32,30.03003003,,,,,,,,,,,,,,,,,,,,,,,,,,,,,,,,,2190.6496,2192.6471,2192.6472,2194.6476,2194.6487,2196.6477,2196.6477,2200.6474,2200.6489,2201.5803,j,0.8834,,2201.5816,2205.5803,,,,,,fruits,places,maintain,NA,left,23,novel,5,4,0,stimuli/images/fruits/watermelon.png,stimuli/images/places/yellow_sand_beach.png,stimuli/cues/maintain_cue_image.png,stimuli/images/fruits/halved_watermelon.png,,,,,,,,,,,0,118,118,118,1,,,,,,,,
,,,,,,4933449334,maintask,2025-09-08_11h49.19.999,remlure_online,2024.2.2,Win32,30.03003003,,,,,,,,,,,,,,,,,,,,,,,,,,,,,,,2249.1475,2254.1471,2205.584,2207.5804,2207.5804,2209.5808,2209.582,2211.5803,2211.5803,2215.5806,2215.5819,2216.1477,j,0.5002,,2216.1485,2219.1473,,,,,,fruits,places,maintain,NA,right,24,novel,5,3,1,stimuli/images/fruits/fresh_fuji.png,stimuli/images/places/millau_bridge.png,stimuli/cues/maintain_cue_image.png,stimuli/images/places/sagrada_familia.png,,,,,,,,,,,0,119,119,119,1,2219.1497,2249.1475,,,,,,
,,,,,,4933449334,maintask,2025-09-08_11h49.19.999,remlure_online,2024.2.2,Win32,30.03003003,,,,,,,,,,,,,,,,,,,,,,,,,,,,,,,,,2254.1496,2256.1547,2256.1549,2258.1472,2258.148,2260.1554,2260.1554,2264.1476,2264.1485,2265.1186,j,0.9181,,2265.1199,2269.1185,,,,,,faces,places,replace,fruits,left,1,novel,6,4,0,stimuli/images/faces/aaron_rodgers.png,stimuli/images/places/alamo.png,stimuli/images/fruits/gala_apple_leaf.png,stimuli/images/faces/bernie_sanders.png,,,,,,,,,,,0,120,120,120,1,,,,,,,,
,,,,,,4933449334,maintask,2025-09-08_11h49.19.999,remlure_online,2024.2.2,Win32,30.03003003,,,,,,,,,,,,,,,,,,,,,,,,,,,,,,,,,2269.1209,2271.1137,2271.1138,2273.114,2273.1156,2275.1137,2275.1138,2279.1141,2279.1154,2280.3804,j,1.2237,0.0133,2280.3814,2283.3801,,,,,,faces,places,replace,fruits,right,2,uncued,6,3,0,stimuli/images/faces/zoe_saldana.png,stimuli/images/places/cinderella_castle.png,stimuli/images/fruits/whole_pears.png,stimuli/images/faces/zoe_saldana.png,,,,,,,,,,,0,121,121,121,1,,,,,,,,
,,,,,,4933449334,maintask,2025-09-08_11h49.19.999,remlure_online,2024.2.2,Win32,30.03003003,,,,,,,,,,,,,,,,,,,,,,,,,,,,,,,,,2283.383,2285.3807,2285.3807,2287.3801,2287.382,2289.3807,2289.3808,2293.3815,2293.3825,2293.9474,j,0.5284,,2293.9488,2297.947,,,,,,faces,places,maintain,NA,left,3,novel,6,4,0,stimuli/images/faces/rand_paul.png,stimuli/images/places/mediterranean_beach.png,stimuli/cues/maintain_cue_image.png,stimuli/images/faces/vin_diesel.png,,,,,,,,,,,0,122,122,122,1,,,,,,,,
,,,,,,4933449334,maintask,2025-09-08_11h49.19.999,remlure_online,2024.2.2,Win32,30.03003003,,,,,,,,,,,,,,,,,,,,,,,,,,,,,,,,,2297.9504,2299.9469,2299.947,2301.947,2301.9478,2303.9469,2303.9469,2307.9471,2307.9481,2308.8474,j,0.8369,,2308.8481,2312.8467,,,,,,faces,places,maintain,NA,right,4,novel,6,4,0,stimuli/images/faces/alex_rodriguez.png,stimuli/images/places/harvard.png,stimuli/cues/maintain_cue_image.png,stimuli/images/faces/john_mayer.png,,,,,,,,,,,0,123,123,123,1,,,,,,,,
,,,,,,4933449334,maintask,2025-09-08_11h49.19.999,remlure_online,2024.2.2,Win32,30.03003003,,,,,,,,,,,,,,,,,,,,,,,,,,,,,,,,,2312.8494,2314.8474,2314.8477,2316.8473,2316.8489,2318.8472,2318.8472,2322.8469,2322.8481,2323.8137,f,0.9416,,2323.8151,2327.8135,,,,,,places,faces,suppress,NA,left,5,uncued,6,4,0,stimuli/images/places/distant_mountains.png,stimuli/images/faces/lebron.png,stimuli/cues/suppress_cue_image.png,stimuli/images/faces/lebron.png,,,,,,,,,,,0,124,124,124,1,,,,,,,,
,,,,,,4933449334,maintask,2025-09-08_11h49.19.999,remlure_online,2024.2.2,Win32,30.03003003,,,,,,,,,,,,,,,,,,,,,,,,,,,,,,,,,2327.8166,2329.8154,2329.8154,2331.8133,2331.815,2333.8166,2333.8166,2337.8141,2337.8155,2338.414,j,0.5084,,2338.4148,2343.4137,,,,,,places,faces,suppress,NA,right,6,lure,6,5,0,stimuli/images/places/flatiron_building.png,stimuli/images/faces/penelope_cruz.png,stimuli/cues/suppress_cue_image.png,stimuli/images/faces/penelope_cruz.png,,,,,,,,,,,0,125,125,125,1,,,,,,,,
,,,,,,4933449334,maintask,2025-09-08_11h49.19.999,remlure_online,2024.2.2,Win32,30.03003003,,,,,,,,,,,,,,,,,,,,,,,,,,,,,,,,,2343.4175,2345.4155,2345.4155,2347.4137,2347.4148,2349.4138,2349.4139,2353.4135,2353.4147,2354.2136,f,0.7284,0.0003,2354.2153,2357.2137,,,,,,places,faces,replace,fruits,left,7,replacement,6,3,0,stimuli/images/places/aoraki.png,stimuli/images/faces/brad_pitt.png,stimuli/images/fruits/honeydew_half.png,stimuli/images/fruits/honeydew_half.png,,,,,,,,,,,0,126,126,126,1,,,,,,,,
,,,,,,4933449334,maintask,2025-09-08_11h49.19.999,remlure_online,2024.2.2,Win32,30.03003003,,,,,,,,,,,,,,,,,,,,,,,,,,,,,,,,,2357.2171,2359.2137,2359.2138,2361.2132,2361.215,2363.2142,2363.2142,2367.2136,2367.2148,2368.5134,j,1.2426,0.0009,2368.5144,2373.5137,,,,,,places,faces,replace,fruits,right,8,uncued,6,5,0,stimuli/images/places/glass_bridge.png,stimuli/images/faces/kobe_bryant.png,stimuli/images/fruits/mixed_grapes02.png,stimuli/images/places/glass_bridge.png,,,,,,,,,,,0,127,127,127,1,,,,,,,,
,,,,,,4933449334,maintask,2025-09-08_11h49.19.999,remlure_online,2024.2.2,Win32,30.03003003,,,,,,,,,,,,,,,,,,,,,,,,,,,,,,,,,2373.5172,2375.5134,2375.5135,2377.5134,2377.515,2379.5134,2379.5134,2383.5153,2383.5168,2384.014,f,0.467,,2384.0147,2387.0133,,,,,,faces,fruits,maintain,NA,left,9,cued,6,3,0,stimuli/images/faces/rihanna.png,stimuli/images/fruits/canteloupe_sliced04.png,stimuli/cues/maintain_cue_image.png,stimuli/images/faces/rihanna.png,,,,,,,,,,,0,128,128,128,1,,,,,,,,
,,,,,,4933449334,maintask,2025-09-08_11h49.19.999,remlure_online,2024.2.2,Win32,30.03003003,,,,,,,,,,,,,,,,,,,,,,,,,,,,,,,,,2387.0169,2389.0133,2389.0134,2391.0135,2391.0152,2393.0139,2393.0139,2397.0131,2397.0144,2397.582,j,0.5505,,2397.5827,2402.5801,,,,,,faces,fruits,maintain,NA,right,10,uncued,6,5,0,stimuli/images/faces/justin_bieber.png,stimuli/images/fruits/cantaloupe_sliced03.png,stimuli/cues/maintain_cue_image.png,stimuli/images/faces/justin_bieber.png,,,,,,,,,,,0,129,129,129,1,,,,,,,,
,,,,,,4933449334,maintask,2025-09-08_11h49.19.999,remlure_online,2024.2.2,Win32,30.03003003,,,,,,,,,,,,,,,,,,,,,,,,,,,,,,,,,2402.5832,2404.5799,2404.5799,2406.58,2406.5816,2408.5803,2408.5803,2412.5803,2412.5817,2413.2874,j,0.5767,,2413.2879,2417.2841,,,,,,faces,fruits,suppress,NA,left,11,novel,6,4,0,stimuli/images/faces/ryan_reynolds.png,stimuli/images/fruits/leaning_pears.png,stimuli/cues/suppress_cue_image.png,stimuli/images/faces/marco_rubio.png,,,,,,,,,,,0,130,130,130,1,,,,,,,,
,,,,,,4933449334,maintask,2025-09-08_11h49.19.999,remlure_online,2024.2.2,Win32,30.03003003,,,,,,,,,,,,,,,,,,,,,,,,,,,,,,,,,2417.2868,2419.2862,2419.2862,2421.2879,2421.2887,2423.2879,2423.288,2427.28,2427.281,2428.2553,f,0.9354,,2428.2556,2431.2527,,,,,,faces,fruits,suppress,NA,right,12,uncued,6,3,0,stimuli/images/faces/angela_merkel.png,stimuli/images/fruits/sliced_fuji.png,stimuli/cues/suppress_cue_image.png,stimuli/images/faces/angela_merkel.png,,,,,,,,,,,0,131,131,131,1,,,,,,,,
,,,,,,4933449334,maintask,2025-09-08_11h49.19.999,remlure_online,2024.2.2,Win32,30.03003003,,,,,,,,,,,,,,,,,,,,,,,,,,,,,,,,,2431.256,2433.2467,2433.2467,2435.2464,2435.2483,2437.2472,2437.2473,2441.2466,2441.2476,2442.2468,j,0.955,0.0008,2442.2478,2445.2469,,,,,,fruits,faces,replace,places,left,13,novel,6,3,0,stimuli/images/fruits/honeydew_melon02.png,stimuli/images/faces/macklemore.png,stimuli/images/places/skyway_bridge.png,stimuli/images/faces/michael_jordan.png,,,,,,,,,,,0,132,132,132,1,,,,,,,,
,,,,,,4933449334,maintask,2025-09-08_11h49.19.999,remlure_online,2024.2.2,Win32,30.03003003,,,,,,,,,,,,,,,,,,,,,,,,,,,,,,,,,2445.2495,2447.2469,2447.2469,2449.2468,2449.2486,2451.248,2451.2481,2455.2469,2455.2484,2456.4467,j,1.1336,0.0004,2456.4484,2461.4465,,,,,,fruits,faces,replace,places,right,14,lure,6,5,0,stimuli/images/fruits/pear03.png,stimuli/images/faces/scarlett_johansson.png,stimuli/images/places/royal_albert_hall.png,stimuli/images/faces/scarlett_johansson.png,,,,,,,,,,,0,133,133,133,1,,,,,,,,
,,,,,,4933449334,maintask,2025-09-08_11h49.19.999,remlure_online,2024.2.2,Win32,30.03003003,,,,,,,,,,,,,,,,,,,,,,,,,,,,,,,,,2461.4499,2463.4466,2463.4466,2465.4466,2465.4477,2467.4463,2467.4464,2471.4468,2471.4481,2472.0464,j,0.5627,,2472.0468,2476.0465,,,,,,fruits,faces,maintain,NA,left,15,novel,6,4,0,stimuli/images/fruits/pear05.png,stimuli/images/faces/jj_watt.png,stimuli/cues/maintain_cue_image.png,stimuli/images/faces/tom_hiddleston.png,,,,,,,,,,,0,134,134,134,1,,,,,,,,
,,,,,,4933449334,maintask,2025-09-08_11h49.19.999,remlure_online,2024.2.2,Win32,30.03003003,,,,,,,,,,,,,,,,,,,,,,,,,,,,,,,,,2476.0496,2478.0466,2478.0467,2480.0466,2480.0481,2482.0467,2482.0468,2486.0465,2486.0476,2486.6132,j,0.537,,2486.6145,2491.6132,,,,,,fruits,faces,maintain,NA,right,16,novel,6,5,0,stimuli/images/fruits/mixed_grapes03.png,stimuli/images/faces/mila_kunis.png,stimuli/cues/maintain_cue_image.png,stimuli/images/fruits/pink_lady.png,,,,,,,,,,,0,135,135,135,1,,,,,,,,
,,,,,,4933449334,maintask,2025-09-08_11h49.19.999,remlure_online,2024.2.2,Win32,30.03003003,,,,,,,,,,,,,,,,,,,,,,,,,,,,,,,,,2491.6163,2493.6134,2493.6134,2495.6147,2495.616,2497.6134,2497.6134,2501.6146,2501.6157,2502.2801,j,0.5472,,2502.2808,2505.28,,,,,,places,fruits,suppress,NA,left,17,novel,6,3,0,stimuli/images/places/piza.png,stimuli/images/fruits/cut_cantaloupe.png,stimuli/cues/suppress_cue_image.png,stimuli/images/places/alpamayo.png,,,,,,,,,,,0,136,136,136,1,,,,,,,,
,,,,,,4933449334,maintask,2025-09-08_11h49.19.999,remlure_online,2024.2.2,Win32,30.03003003,,,,,,,,,,,,,,,,,,,,,,,,,,,,,,,,,2505.2826,2507.2796,2507.2797,2509.2802,2509.2814,2511.282,2511.2821,2515.2798,2515.2805,2515.7804,j,0.4453,,2515.7814,2518.7798,,,,,,places,fruits,suppress,NA,right,18,lure,6,3,0,stimuli/images/places/unique_mountains.png,stimuli/images/fruits/gala_apple.png,stimuli/cues/suppress_cue_image.png,stimuli/images/fruits/gala_apple.png,,,,,,,,,,,0,137,137,137,1,,,,,,,,
,,,,,,4933449334,maintask,2025-09-08_11h49.19.999,remlure_online,2024.2.2,Win32,30.03003003,,,,,,,,,,,,,,,,,,,,,,,,,,,,,,,,,2518.7829,2520.7797,2520.7797,2522.7801,2522.7812,2524.7802,2524.7803,2528.7812,2528.7816,2529.4469,f,0.5278,,2529.4479,2533.4462,,,,,,places,fruits,replace,faces,left,19,replacement,6,4,0,stimuli/images/places/matterhorn.png,stimuli/images/fruits/fresh_fuji.png,stimuli/images/faces/joe_biden.png,stimuli/images/faces/joe_biden.png,,,,,,,,,,,0,138,138,138,1,,,,,,,,
,,,,,,4933449334,maintask,2025-09-08_11h49.19.999,remlure_online,2024.2.2,Win32,30.03003003,,,,,,,,,,,,,,,,,,,,,,,,,,,,,,,,,2533.4493,2535.4475,2535.4475,2537.4539,2537.455,2539.4536,2539.4537,2543.4507,2543.4517,2544.2133,j,0.607,,2544.2145,2549.213,,,,,,places,fruits,replace,faces,right,20,lure,6,5,0,stimuli/images/places/covered_bridge.png,stimuli/images/fruits/watermelon.png,stimuli/images/faces/blake_shelton.png,stimuli/images/fruits/watermelon.png,,,,,,,,,,,0,139,139,139,1,,,,,,,,
,,,,,,4933449334,maintask,2025-09-08_11h49.19.999,remlure_online,2024.2.2,Win32,30.03003003,,,,,,,,,,,,,,,,,,,,,,,,,,,,,,,,,2549.216,2551.2133,2551.2133,2553.2133,2553.2152,2555.2131,2555.2133,2559.2127,2559.2137,2559.7799,f,0.4953,,2559.7807,2562.7871,,,,,,fruits,places,maintain,NA,left,21,cued,6,3,0,stimuli/images/fruits/mixed_grapes05.png,stimuli/images/places/mount_fuji.png,stimuli/cues/maintain_cue_image.png,stimuli/images/fruits/mixed_grapes05.png,,,,,,,,,,,0,140,140,140,1,,,,,,,,
,,,,,,4933449334,maintask,2025-09-08_11h49.19.999,remlure_online,2024.2.2,Win32,30.03003003,,,,,,,,,,,,,,,,,,,,,,,,,,,,,,,,,2562.79,2564.7811,2564.7812,2566.7874,2566.7889,2568.7859,2568.786,2572.7799,2572.781,2573.5208,j,0.6472,,2573.5213,2577.5193,,,,,,fruits,places,maintain,NA,right,22,uncued,6,4,0,stimuli/images/fruits/green_grapes.png,stimuli/images/places/danyang_bridge.png,stimuli/cues/maintain_cue_image.png,stimuli/images/fruits/green_grapes.png,,,,,,,,,,,0,141,141,141,1,,,,,,,,
,,,,,,4933449334,maintask,2025-09-08_11h49.19.999,remlure_online,2024.2.2,Win32,30.03003003,,,,,,,,,,,,,,,,,,,,,,,,,,,,,,,,,2577.5222,2579.5132,2579.5132,2581.5214,2581.5224,2583.5213,2583.5214,2587.513,2587.5143,2588.2797,f,0.6472,0.0011,2588.2812,2593.2791,,,,,,fruits,places,suppress,NA,left,23,uncued,6,5,0,stimuli/images/fruits/halved_watermelon02.png,stimuli/images/places/yellow_sand_beach.png,stimuli/cues/suppress_cue_image.png,stimuli/images/places/yellow_sand_beach.png,,,,,,,,,,,0,142,142,142,1,,,,,,,,
,,,,,,4933449334,maintask,2025-09-08_11h49.19.999,remlure_online,2024.2.2,Win32,30.03003003,,,,,,,,,,,,,,,,,,,,,,,,,,,,,,,,,2593.2822,2595.2884,2595.2884,2597.2793,2597.28,2599.287,2599.287,2603.2857,2603.2867,2604.2463,f,0.8876,,2604.2475,2609.2462,,,,,,fruits,places,suppress,NA,right,24,uncued,6,5,0,stimuli/images/fruits/mixed_grapes.png,stimuli/images/places/millau_bridge.png,stimuli/cues/suppress_cue_image.png,stimuli/images/fruits/mixed_grapes.png,,,,,,,,,,,0,143,143,143,1,,,,,,,,
,,,,,,4933449334,maintask,2025-09-08_11h49.19.999,remlure_online,2024.2.2,Win32,30.03003003,,,,,,,,,,,,,,,,,,,,,,,,,,,,,,,,,,,,,,,,,,,,,,,,,,,,,,,,,,,,,,,,,,,,,,,,,,,,,,,,,,,,,2609.2491,2771.3145,space,162.0032,0.0007
